type_shoes,price,address,image_link-src
Chaussures enfant,,"Guédiawaye, Dakar, Sénégal",https://images.coinafrique.com/thumb_750022_uploaded_image1_1563279678.59.png
Claquettes  enfants,,Sénégal,https://images.coinafrique.com/thumb_3768510_uploaded_image1_1656771169.jpg
Chaussures enfant,,"Point E, Dakar, Sénégal",https://images.coinafrique.com/thumb_4969624_uploaded_image1_1727758825.jpg
Chaussures enfant,,Sénégal,https://images.coinafrique.com/thumb_4969624_uploaded_image1_1727758825.jpg
Chaussures enfant,,"Fann, Dakar, Sénégal",https://images.coinafrique.com/thumb_4969624_uploaded_image1_1727758825.jpg
Chaussures enfants,,"Fann, Dakar, Sénégal",https://images.coinafrique.com/thumb_4969624_uploaded_image1_1727758825.jpg
Chaussures mocassins enfant,,"Les Parcelles Assainies, Dakar, Sénégal",https://images.coinafrique.com/thumb_3354895_uploaded_image1_1632752207.jpg
Chaussures enfant,,"Petit-Mbao, Dakar, Sénégal",https://images.coinafrique.com/thumb_4969624_uploaded_image1_1727758825.jpg
Chaussures enfant,,"Biscuiterie, Dakar, Sénégal",https://images.coinafrique.com/thumb_4969624_uploaded_image1_1727758825.jpg
Talons fillette,,Sénégal,https://images.coinafrique.com/thumb_801336_uploaded_image1_1564654599.57.png
Chaussures talons fillette,,Sénégal,https://images.coinafrique.com/thumb_801329_uploaded_image1_1564654543.94.png
Chaussures enfants,,"Dakar, Sénégal",https://images.coinafrique.com/thumb_4969624_uploaded_image1_1727758825.jpg
Chaussures enfant,,"Dakar, Sénégal",https://images.coinafrique.com/thumb_4950665_uploaded_image1_1726682392.jpg
Chaussures enfant,,"Les Parcelles Assainies, Dakar, Sénégal",https://images.coinafrique.com/thumb_4969624_uploaded_image1_1727758825.jpg
Chaussures Enfant,,"Les Parcelles Assainies, Dakar, Sénégal",https://images.coinafrique.com/thumb_4969624_uploaded_image1_1727758825.jpg
Mocassins Enfant,,"Les Parcelles Assainies, Dakar, Sénégal",https://images.coinafrique.com/thumb_3354895_uploaded_image1_1632752207.jpg
Chaussures enfant,,"Cambérène, Dakar, Sénégal",https://images.coinafrique.com/thumb_4969624_uploaded_image1_1727758825.jpg
Chaussures enfant,,"Les Parcelles Assainies, Dakar, Sénégal",https://images.coinafrique.com/thumb_4969624_uploaded_image1_1727758825.jpg
Ensemble talon,,"Cambérène, Dakar, Sénégal",https://images.coinafrique.com/thumb_861833_uploaded_image1_1566391948.31.png
Chaussures enfant,,Sénégal,https://images.coinafrique.com/thumb_4969624_uploaded_image1_1727758825.jpg
Chaussures enfant,,"Cambérène, Dakar, Sénégal",https://images.coinafrique.com/thumb_4969624_uploaded_image1_1727758825.jpg
Chaussures pour enfant,,Sénégal,https://images.coinafrique.com/thumb_4969624_uploaded_image1_1727758825.jpg
Chaussures enfant,,"Dakar, Sénégal",https://images.coinafrique.com/thumb_4969624_uploaded_image1_1727758825.jpg
Chaussures,,"Dakar, Sénégal",https://images.coinafrique.com/thumb_5037805_uploaded_image1_1731321094.jpg
Chaussures enfants,,Sénégal,https://images.coinafrique.com/thumb_4969624_uploaded_image1_1727758825.jpg
Chaussures Baskets,,Sénégal,https://images.coinafrique.com/thumb_4930603_uploaded_image1_1725607998.jpg
Claquettes enfant,,Sénégal,https://images.coinafrique.com/thumb_3768510_uploaded_image1_1656771169.jpg
Chaussures enfants,,Sénégal,https://images.coinafrique.com/thumb_4969624_uploaded_image1_1727758825.jpg
Chaussures Enfants,,"Dakar, Sénégal",https://images.coinafrique.com/thumb_4950665_uploaded_image1_1726682392.jpg
Baskets,,"Dakar, Sénégal",https://images.coinafrique.com/thumb_4928088_uploaded_image1_1725487276.jpg
Chaussures pour enfant,,"Dakar, Sénégal",https://images.coinafrique.com/thumb_4950665_uploaded_image1_1726682392.jpg
Chaussures  enfant,,"Dakar, Sénégal",https://images.coinafrique.com/thumb_4950665_uploaded_image1_1726682392.jpg
chaussures  enfant,,"Dakar, Sénégal",https://images.coinafrique.com/thumb_4950665_uploaded_image1_1726682392.jpg
Chaussures   enfant,,"Dakar, Sénégal",https://images.coinafrique.com/thumb_4950665_uploaded_image1_1726682392.jpg
Chaussures enfants Zara,,Sénégal,https://images.coinafrique.com/thumb_905654_uploaded_image1_1567532748.81.png
Chaussures enfant,,Sénégal,https://images.coinafrique.com/thumb_919324_uploaded_image1_1567854655.1.png
Baskets Lacoste - enfant,,"Mermoz-Sacré-Cœur, Dakar, Sénégal",https://images.coinafrique.com/thumb_919329_uploaded_image1_1567854794.2.png
Chaussures et sacs - enfants,,"Saly, Sénégal",https://images.coinafrique.com/thumb_947507_uploaded_image1_1568567749.69.png
Chaussures enfants,,"Dakar, Sénégal",https://images.coinafrique.com/thumb_4950665_uploaded_image1_1726682392.jpg
Chaussures de qualité,,"Grand Yoff, Dakar, Sénégal",https://images.coinafrique.com/thumb_4680911_uploaded_image1_1712514020.jpg
Chaussures enfant,,"Les Parcelles Assainies, Dakar, Sénégal",https://images.coinafrique.com/thumb_4969624_uploaded_image1_1727758825.jpg
Chaussures originales,,"Patte d'Oie, Dakar, Sénégal",https://images.coinafrique.com/thumb_4969624_uploaded_image1_1727758825.jpg
Chaussures petit  garçon,,"M'bour, Sénégal",https://images.coinafrique.com/thumb_989555_uploaded_image1_1569454732.88.png
Chaussures petite fille,,"M'bour, Sénégal",https://images.coinafrique.com/thumb_989571_uploaded_image1_1569455169.87.png
Chaussures filles,,"M'bour, Sénégal",https://images.coinafrique.com/thumb_989597_uploaded_image1_1569455797.26.png
Chaussures garçons,,"M'bour, Sénégal",https://images.coinafrique.com/thumb_989602_uploaded_image1_1569455878.5.png
Chaussures,,"Dakar, Sénégal",https://images.coinafrique.com/thumb_4950665_uploaded_image1_1726682392.jpg
Chaussures pour enfant,,"Keur Massar, Sénégal",https://images.coinafrique.com/thumb_4797078_uploaded_image1_1718482814.jpg
Chaussures pour enfant,,"Keur Massar, Sénégal",https://images.coinafrique.com/thumb_4797078_uploaded_image1_1718482814.jpg
Mocassins enfant,,"Mermoz-Sacré-Cœur, Dakar, Sénégal",https://images.coinafrique.com/thumb_3319920_uploaded_image1_1630947708.jpg
Chaussures enfant,,"Rufisque, Sénégal",https://images.coinafrique.com/thumb_3128593_uploaded_image1_1621701550.jpg
Mocassins Enfant,,"Les Parcelles Assainies, Dakar, Sénégal",https://images.coinafrique.com/thumb_3354895_uploaded_image1_1632752207.jpg
Chaussures - enfant,,"Ouakam, Dakar, Sénégal",https://images.coinafrique.com/thumb_4336733_uploaded_image1_1692136230.jpg
Chaussures Enfants,,"Les Parcelles Assainies, Dakar, Sénégal",https://images.coinafrique.com/thumb_1711436_uploaded_image1_1582778564.65.png
Chaussures enfants,,"HLM, Dakar, Sénégal",https://images.coinafrique.com/thumb_4969624_uploaded_image1_1727758825.jpg
Chaussures enfant,,"Les Parcelles Assainies, Dakar, Sénégal",https://images.coinafrique.com/thumb_4969624_uploaded_image1_1727758825.jpg
Chaussures enfant,,"Dakar, Sénégal",https://images.coinafrique.com/thumb_4969624_uploaded_image1_1727758825.jpg
Chaussures enfants,,"Guediawaye, Dakar, Sénégal",https://images.coinafrique.com/thumb_3513868_uploaded_image1_1641563929.jpg
Claquettes enfants,,"Mermoz-Sacré-Cœur, Dakar, Sénégal",https://images.coinafrique.com/thumb_2972548_uploaded_image1_1614340301.jpg
Chaussures enfants,,"Les Parcelles Assainies, Dakar, Sénégal",https://images.coinafrique.com/thumb_1711436_uploaded_image1_1582778564.65.png
Chaussures bébé,,"Hann Bel-Air, Dakar, Sénégal",https://images.coinafrique.com/thumb_5037805_uploaded_image1_1731321094.jpg
Chaussures enfant,,"Dakar, Sénégal",https://images.coinafrique.com/thumb_1270845_uploaded_image1_1575041164.15.png
Chaussures classe,,"Guediawaye, Dakar, Sénégal",https://images.coinafrique.com/thumb_4402279_uploaded_image1_1696422852.jpg
Chaussures,,"HLM, Dakar, Sénégal",https://images.coinafrique.com/thumb_5037805_uploaded_image1_1731321094.jpg
Claquettes pour fille,,"Mermoz-Sacré-Cœur, Dakar, Sénégal",https://images.coinafrique.com/thumb_1352820_uploaded_image1_1576580373.29.png
Coffrets pour enfants,,"Sicap Liberté, Dakar, Sénégal",https://images.coinafrique.com/thumb_1357961_uploaded_image1_1576667812.04.png
Chaussures pour fille,,"Grand Yoff, Dakar, Sénégal",https://images.coinafrique.com/thumb_3247099_uploaded_image1_1627387079.jpg
Chaussures anti-dérapantes,,"Grand Yoff, Dakar, Sénégal",https://images.coinafrique.com/thumb_1381082_uploaded_image1_1577115739.61.png
Chaussures enfant,,"Les Parcelles Assainies, Dakar, Sénégal",https://images.coinafrique.com/thumb_1711436_uploaded_image1_1582778564.65.png
Chaussures enfant,,"Mermoz-Sacré-Cœur, Dakar, Sénégal",https://images.coinafrique.com/thumb_1409266_uploaded_image1_1577711646.42.png
Chaussures enfants,,"Sicap-Liberté, Dakar, Sénégal",https://images.coinafrique.com/thumb_3777593_uploaded_image1_1657274825.jpg
Sandales pour enfants,,"Fass, Dakar, Sénégal",https://images.coinafrique.com/thumb_1565794_uploaded_image1_1580386215.45.png
Baskets Jordan,,"Thies Nord, Thiès, Sénégal",https://images.coinafrique.com/thumb_1566247_uploaded_image1_1580391008.81.png
Baskets Jordan 6,,"Thies Nord, Thiès, Sénégal",https://images.coinafrique.com/thumb_1566247_uploaded_image1_1580391008.81.png
Chaussures enfant,,"Fass, Dakar, Sénégal",https://images.coinafrique.com/thumb_1612546_uploaded_image1_1581098603.48.png
Chaussures enfants,,"Fass, Dakar, Sénégal",https://images.coinafrique.com/thumb_1612546_uploaded_image1_1581098603.48.png
Chaussures pour enfant,,"Fass, Dakar, Sénégal",https://images.coinafrique.com/thumb_1612546_uploaded_image1_1581098603.48.png
Chaussures Enfants,,"Fass, Dakar, Sénégal",https://images.coinafrique.com/thumb_1612546_uploaded_image1_1581098603.48.png
Chaussures enfants,,"Les Parcelles Assainies, Dakar, Sénégal",https://images.coinafrique.com/thumb_1711436_uploaded_image1_1582778564.65.png
Chaussures enfants,,"Fass, Dakar, Sénégal",https://images.coinafrique.com/thumb_1612546_uploaded_image1_1581098603.48.png
Chaussures  enfants,,"Fass, Dakar, Sénégal",https://images.coinafrique.com/thumb_1612546_uploaded_image1_1581098603.48.png
Claquettes filles,,"Dakar Plateau, Dakar, Sénégal",https://images.coinafrique.com/thumb_1679922_uploaded_image1_1582210105.85.png
Chaussures enfants,,"Les Parcelles Assainies, Dakar, Sénégal",https://images.coinafrique.com/thumb_1711436_uploaded_image1_1582778564.65.png
Chaussures enfant,,"HLM, Dakar, Sénégal",https://images.coinafrique.com/thumb_4173847_uploaded_image1_1681305963.jpg
Chaussures enfants,,"Grand Yoff, Dakar, Sénégal",https://images.coinafrique.com/thumb_4623157_uploaded_image1_1709480174.jpg
Chaussures enfant,,"Grand Yoff, Dakar, Sénégal",https://images.coinafrique.com/thumb_4623157_uploaded_image1_1709480174.jpg
Chaussures bébé,,"Dakar Plateau, Dakar, Sénégal",https://images.coinafrique.com/thumb_5037805_uploaded_image1_1731321094.jpg
Chaussures enfant Cat & Jack,,"Dakar, Sénégal",https://images.coinafrique.com/thumb_1873847_uploaded_image1_1585663572.73.png
Chaussures bébé garçon,,"Rufisque, Sénégal",https://images.coinafrique.com/thumb_4783650_uploaded_image2_1717719898.jpeg
Chaussures / bébé fille,,"Rufisque, Sénégal",https://images.coinafrique.com/thumb_4783650_uploaded_image2_1717719898.jpeg
Chaussures bébé,,"Rufisque, Sénégal",https://images.coinafrique.com/thumb_2085293_uploaded_image1_1589039358.jpg
Chaussures enfant,,"Fass, Dakar, Sénégal",https://images.coinafrique.com/thumb_2818578_uploaded_image1_1607458128.jpg
Chaussures enfants,,"Fass, Dakar, Sénégal",https://images.coinafrique.com/thumb_2818578_uploaded_image1_1607458128.jpg
Chaussures enfants,,"Fann, Dakar, Sénégal",https://images.coinafrique.com/thumb_2065087_uploaded_image1_1588754465.jpg
Chaussures enfant,,"Fann, Dakar, Sénégal",https://images.coinafrique.com/thumb_2065087_uploaded_image1_1588754465.jpg
Chaussures enfants,,"Fann, Dakar, Sénégal",https://images.coinafrique.com/thumb_2065087_uploaded_image1_1588754465.jpg
Chaussures enfant,,"HLM, Dakar, Sénégal",https://images.coinafrique.com/thumb_4173847_uploaded_image1_1681305963.jpg
Chaussures /  garçon,,"Fann, Dakar, Sénégal",https://images.coinafrique.com/thumb_2076146_uploaded_image1_1588892627.jpg
Mocassins enfant,,"Fann, Dakar, Sénégal",https://images.coinafrique.com/thumb_2076365_uploaded_image1_1588895603.jpg
Chaussures enfant,,"Les Parcelles Assainies, Dakar, Sénégal",https://images.coinafrique.com/thumb_2085293_uploaded_image1_1589039358.jpg
Chaussures enfant,,"Grand Yoff, Dakar, Sénégal",https://images.coinafrique.com/thumb_4623157_uploaded_image1_1709480174.jpg
Chaussures enfant,,"Mermoz-Sacré Coeur, Dakar, Sénégal",https://images.coinafrique.com/thumb_4680911_uploaded_image1_1712514020.jpg
Chaussures enfant,,"HLM, Dakar, Sénégal",https://images.coinafrique.com/thumb_4173847_uploaded_image1_1681305963.jpg
Chaussures enfant,,"Dakar, Sénégal",https://images.coinafrique.com/thumb_4950665_uploaded_image1_1726682392.jpg
Claquettes enfants,,"HLM, Dakar, Sénégal",https://images.coinafrique.com/thumb_2141792_uploaded_image1_1589925335.jpg
Chaussures enfant,,"Dakar Plateau, Dakar, Sénégal",https://images.coinafrique.com/thumb_4969624_uploaded_image1_1727758825.jpg
Chaussures enfant,,"Dakar, Sénégal",https://images.coinafrique.com/thumb_4950665_uploaded_image1_1726682392.jpg
Chaussures pour bébé,,"Les Parcelles Assainies, Dakar, Sénégal",https://images.coinafrique.com/thumb_2085293_uploaded_image1_1589039358.jpg
Chaussures pour enfant,,"Mermoz-Sacré Coeur, Dakar, Sénégal",https://images.coinafrique.com/thumb_4680911_uploaded_image1_1712514020.jpg
Mocassins enfant,,"Parcelle Assainies, Dakar, Sénégal",https://images.coinafrique.com/thumb_2215961_uploaded_image1_1591114475.jpg
Claquettes enfant,,"Dakar, Sénégal",https://images.coinafrique.com/thumb_2972548_uploaded_image1_1614340301.jpg
Chaussures enfant,,"Mermoz-Sacré-Cœur, Dakar, Sénégal",https://images.coinafrique.com/thumb_4950665_uploaded_image1_1726682392.jpg
Chaussures  enfant,,"Mermoz-Sacré-Cœur, Dakar, Sénégal",https://images.coinafrique.com/thumb_4950665_uploaded_image1_1726682392.jpg
Chaussures enfant,,"Fass, Dakar, Sénégal",https://images.coinafrique.com/thumb_2818578_uploaded_image1_1607458128.jpg
Bottes de pluie,,"Dakar, Sénégal",https://images.coinafrique.com/thumb_2306870_uploaded_image1_1592485025.jpg
Chaussures enfant,,"Mermoz-Sacré-Cœur, Dakar, Sénégal",https://images.coinafrique.com/thumb_4950665_uploaded_image1_1726682392.jpg
Chaussures enfant,,"Dieuppeul-Derklé, Dakar, Sénégal",https://images.coinafrique.com/thumb_4566463_uploaded_image1_1706455557.jpg
Chaussures,,"Dieuppeul-Derklé, Dakar, Sénégal",https://images.coinafrique.com/thumb_4566463_uploaded_image1_1706455557.jpg
Chaussures bébé,,"Dakar, Sénégal",https://images.coinafrique.com/thumb_4783650_uploaded_image2_1717719898.jpeg
Chaussures enfants,,"Dakar, Sénégal",https://images.coinafrique.com/thumb_4950665_uploaded_image1_1726682392.jpg
Chaussures enfants,,"Dieuppeul-Derklé, Dakar, Sénégal",https://images.coinafrique.com/thumb_4566463_uploaded_image1_1706455557.jpg
Chaussures bébé,,"Parcelle Assainies, Dakar, Sénégal",https://images.coinafrique.com/thumb_2085293_uploaded_image1_1589039358.jpg
Chaussures enfant,,"Grand Yoff, Dakar, Sénégal",https://images.coinafrique.com/thumb_4623157_uploaded_image1_1709480174.jpg
Chaussures enfants,,"Dieuppeul-Derklé, Dakar, Sénégal",https://images.coinafrique.com/thumb_4566463_uploaded_image1_1706455557.jpg
Chaussures enfant,,"Dakar Plateau, Dakar, Sénégal",https://images.coinafrique.com/thumb_4969624_uploaded_image1_1727758825.jpg
Chaussures talons / enfants,,"Dakar Plateau, Dakar, Sénégal",https://images.coinafrique.com/thumb_2387260_uploaded_image1_1593777158.jpg
Chaussures Enfants,,"Dakar, Sénégal",https://images.coinafrique.com/thumb_4950665_uploaded_image1_1726682392.jpg
Chaussures enfant,,"Dakar, Sénégal",https://images.coinafrique.com/thumb_4950665_uploaded_image1_1726682392.jpg
Chaussures enfant,,"Dakar, Sénégal",https://images.coinafrique.com/thumb_4950665_uploaded_image1_1726682392.jpg
Chaussures enfant,,"Dakar, Sénégal",https://images.coinafrique.com/thumb_4950665_uploaded_image1_1726682392.jpg
Chaussures Enfants,,"Dakar, Sénégal",https://images.coinafrique.com/thumb_4950665_uploaded_image1_1726682392.jpg
Chaussures enfant,,"Dakar, Sénégal",https://images.coinafrique.com/thumb_4950665_uploaded_image1_1726682392.jpg
Chaussures enfant,,"Guediawaye, Dakar, Sénégal",https://images.coinafrique.com/thumb_3513868_uploaded_image1_1641563929.jpg
Chaussures Enfants,,"Mermoz-Sacré-Cœur, Dakar, Sénégal",https://images.coinafrique.com/thumb_4950665_uploaded_image1_1726682392.jpg
Chaussures pour filles,,"Hann Bel-Air, Dakar, Sénégal",https://images.coinafrique.com/thumb_2439527_uploaded_image1_1594751426.jpg
Chaussures enfants,,"Ouakam, Dakar, Sénégal",https://images.coinafrique.com/thumb_4336733_uploaded_image1_1692136230.jpg
Chaussures enfant,,"Ouakam, Dakar, Sénégal",https://images.coinafrique.com/thumb_4336733_uploaded_image1_1692136230.jpg
Chaussures enfants,,"Ouakam, Dakar, Sénégal",https://images.coinafrique.com/thumb_4336733_uploaded_image1_1692136230.jpg
Chaussures enfant,,"Dakar, Sénégal",https://images.coinafrique.com/thumb_4950665_uploaded_image1_1726682392.jpg
Chaussures enfants,,"Dakar, Sénégal",https://images.coinafrique.com/thumb_4950665_uploaded_image1_1726682392.jpg
Chaussures enfant,,"Dieuppeul-Derklé, Dakar, Sénégal",https://images.coinafrique.com/thumb_4566463_uploaded_image1_1706455557.jpg
Chaussures enfant,,"Dieuppeul-Derklé, Dakar, Sénégal",https://images.coinafrique.com/thumb_4566463_uploaded_image1_1706455557.jpg
Chaussures enfant,,"Biscuiterie, Dakar, Sénégal",https://images.coinafrique.com/thumb_3934730_uploaded_image1_1666662380.jpg
Chaussures enfants,,"Dakar, Sénégal",https://images.coinafrique.com/thumb_4950665_uploaded_image1_1726682392.jpg
Baskets Jordan,,"Dakar, Sénégal",https://images.coinafrique.com/thumb_4928088_uploaded_image1_1725487276.jpg
Chaussures enfants,,"Dieuppeul-Derklé, Dakar, Sénégal",https://images.coinafrique.com/thumb_4566463_uploaded_image1_1706455557.jpg
Baskets Nike Air Max,,"Fass, Dakar, Sénégal",https://images.coinafrique.com/thumb_2526613_uploaded_image1_1596969629.jpg
Chaussures enfants,,"Fass, Dakar, Sénégal",https://images.coinafrique.com/thumb_2818578_uploaded_image1_1607458128.jpg
Chaussures enfant,,"Ouakam, Dakar, Sénégal",https://images.coinafrique.com/thumb_4336733_uploaded_image1_1692136230.jpg
Chaussures Enfants,,"Hann Bel-Air, Dakar, Sénégal",https://images.coinafrique.com/thumb_3336753_uploaded_image1_1631736848.jpg
Chaussures enfants,,"Ouest Foire, Dakar, Sénégal",https://images.coinafrique.com/thumb_4422835_uploaded_image1_1697766757.jpg
Chaussures enfants,,"Dieuppeul-Derklé, Dakar, Sénégal",https://images.coinafrique.com/thumb_4566463_uploaded_image1_1706455557.jpg
Chaussures enfant,,"Dieuppeul-Derklé, Dakar, Sénégal",https://images.coinafrique.com/thumb_4566463_uploaded_image1_1706455557.jpg
Chaussures fille,,"Dakar, Sénégal",https://images.coinafrique.com/thumb_4783650_uploaded_image2_1717719898.jpeg
Chaussures garçons,,"Dakar, Sénégal",https://images.coinafrique.com/thumb_4783650_uploaded_image2_1717719898.jpeg
Chaussures garçon,,"Dakar, Sénégal",https://images.coinafrique.com/thumb_4783650_uploaded_image2_1717719898.jpeg
Chaussures enfants,,"Dakar, Sénégal",https://images.coinafrique.com/thumb_4950665_uploaded_image1_1726682392.jpg
Chaussures enfants,,"Parcelle Assainies, Dakar, Sénégal",https://images.coinafrique.com/thumb_4588141_uploaded_image1_1707596385.jpg
Chaussures enfant,,"Dakar Plateau, Dakar, Sénégal",https://images.coinafrique.com/thumb_4969624_uploaded_image1_1727758825.jpg
Chaussures Enfants,,"Dieuppeul-Derklé, Dakar, Sénégal",https://images.coinafrique.com/thumb_4566463_uploaded_image1_1706455557.jpg
Chaussures Enfant,,"Yoff, Dakar, Sénégal",https://images.coinafrique.com/thumb_4656153_uploaded_image1_1711205088.jpg
Sandales Adidas Yeezy,,"Dakar, Sénégal",https://images.coinafrique.com/thumb_2717389_uploaded_image1_1603638267.jpg
Chaussures enfant,,"Dieuppeul-Derklé, Dakar, Sénégal",https://images.coinafrique.com/thumb_4566463_uploaded_image1_1706455557.jpg
Chaussures pour enfants,,"Dakar, Sénégal",https://images.coinafrique.com/thumb_4950665_uploaded_image1_1726682392.jpg
Chaussures bébé,,"Mamelles, Dakar, Sénégal",https://images.coinafrique.com/thumb_3106484_uploaded_image1_1620567535.jpg
Chaussures enfant,,"Patte d'oie, Dakar, Sénégal",https://images.coinafrique.com/thumb_2749342_uploaded_image1_1604925569.jpg
Chaussures Enfant,,"Parcelle Assainies, Dakar, Sénégal",https://images.coinafrique.com/thumb_4588141_uploaded_image1_1707596385.jpg
Chaussures fille,,"Dakar, Sénégal",https://images.coinafrique.com/thumb_4783650_uploaded_image2_1717719898.jpeg
Chaussures enfant,,"Hann Bel-Air, Dakar, Sénégal",https://images.coinafrique.com/thumb_3336753_uploaded_image1_1631736848.jpg
Chaussures enfant,,"Dakar, Sénégal",https://images.coinafrique.com/thumb_4950665_uploaded_image1_1726682392.jpg
Chaussures fille,,"Mermoz-Sacré Coeur, Dakar, Sénégal",https://images.coinafrique.com/thumb_3543253_uploaded_image1_1643397434.jpg
Chaussures enfant,,"Hann Bel-Air, Hann / Bel Air (Dakar), Sénégal",https://images.coinafrique.com/thumb_2747212_uploaded_image1_1604838947.jpg
Chaussures enfant,,"Kolda, Sénégal",https://images.coinafrique.com/thumb_2749776_uploaded_image1_1604935997.jpg
Chaussures enfant,,"Hann Bel-Air, Dakar, Sénégal",https://images.coinafrique.com/thumb_3336753_uploaded_image1_1631736848.jpg
Chaussures enfant,,"Hann Bel-Air, Dakar, Sénégal",https://images.coinafrique.com/thumb_3336753_uploaded_image1_1631736848.jpg
Chaussures de sport enfants,,"Hann Bel-Air, Dakar, Sénégal",https://images.coinafrique.com/thumb_2752149_uploaded_image1_1605019568.jpg
Claquettes enfant,,"Dieuppeul-Derklé, Dakar, Sénégal",https://images.coinafrique.com/thumb_2762753_uploaded_image1_1605397699.jpg
Chaussures  enfants,,"Mermoz-Sacré Coeur, Dakar, Sénégal",https://images.coinafrique.com/thumb_4680911_uploaded_image1_1712514020.jpg
Chaussures enfants,,"Ziguinchor, Sénégal",https://images.coinafrique.com/thumb_3047906_uploaded_image1_1617901111.jpg
Chaussures enfant,,"Ziguinchor, Sénégal",https://images.coinafrique.com/thumb_3047906_uploaded_image1_1617901111.jpg
Baskets Adidas,,"Dakar, Sénégal",https://images.coinafrique.com/thumb_3048378_uploaded_image1_1617915277.jpg
Claquettes enfants,,"Guediawaye, Dakar, Sénégal",https://images.coinafrique.com/thumb_2795343_uploaded_image1_1606666445.jpg
Chaussures garçons,,"Grand Dakar, Dakar, Sénégal",https://images.coinafrique.com/thumb_2795704_uploaded_image1_1606681411.jpg
Chaussures enfant,,"Yoff, Dakar, Sénégal",https://images.coinafrique.com/thumb_4656153_uploaded_image1_1711205088.jpg
Chaussures garçon,,"Dakar, Sénégal",https://images.coinafrique.com/thumb_4783650_uploaded_image2_1717719898.jpeg
Chaussures bébé,,"HLM, Dakar, Sénégal",https://images.coinafrique.com/thumb_4783650_uploaded_image2_1717719898.jpeg
Baskets Nike,,"Dakar Plateau, Dakar, Sénégal",https://images.coinafrique.com/thumb_4930603_uploaded_image1_1725607998.jpg
Chaussures friperie enfant,,"Colobane, Dakar, Sénégal",https://images.coinafrique.com/thumb_3222222_uploaded_image1_1626008303.jpg
Chaussures friperie - enfants,,"Colobane, Dakar, Sénégal",https://images.coinafrique.com/thumb_3222222_uploaded_image1_1626008303.jpg
Baskets Puma - Adidas,,"Fass, Dakar, Sénégal",https://images.coinafrique.com/thumb_2818578_uploaded_image1_1607458128.jpg
Chaussure enfants,,"Dakar, Sénégal",https://images.coinafrique.com/thumb_4950665_uploaded_image1_1726682392.jpg
Chaussures pour enfants,,"Colobane, Dakar, Sénégal",https://images.coinafrique.com/thumb_4676405_uploaded_image1_1712262646.jpg
Chaussures garçons,,"HLM, Dakar, Sénégal",https://images.coinafrique.com/thumb_2831294_uploaded_image1_1607984493.jpg
Baskets Nike pour enfants,,"Mermoz-Sacré Coeur, Dakar, Sénégal",https://images.coinafrique.com/thumb_2837971_uploaded_image1_1608232681.jpg
Chaussures enfant,,"HLM, Dakar, Sénégal",https://images.coinafrique.com/thumb_4173847_uploaded_image1_1681305963.jpg
Chaussures enfants,,"Colobane, Dakar, Sénégal",https://images.coinafrique.com/thumb_4676405_uploaded_image1_1712262646.jpg
Chaussures enfant,,"Colobane, Dakar, Sénégal",https://images.coinafrique.com/thumb_4676405_uploaded_image1_1712262646.jpg
Chaussures enfant,,"Almadies, Dakar, Sénégal",https://images.coinafrique.com/thumb_3102441_uploaded_image1_1620372742.jpg
Chaussures enfants,,"Dakar, Sénégal",https://images.coinafrique.com/thumb_4950665_uploaded_image1_1726682392.jpg
Baskets fille,,"Dakar, Sénégal",https://images.coinafrique.com/thumb_3848408_uploaded_image1_1661541004.jpg
Chaussures pour enfant,,"Colobane, Dakar, Sénégal",https://images.coinafrique.com/thumb_4676405_uploaded_image1_1712262646.jpg
Baskets Nike,,"Colobane, Dakar, Sénégal",https://images.coinafrique.com/thumb_3526935_uploaded_image1_1642345866.jpg
Chaussures Jordan 11,,"Dakar Plateau, Dakar, Sénégal",https://images.coinafrique.com/thumb_2934921_uploaded_image1_1612567043.jpg
Chaussures nourrissons,,"Dakar, Sénégal",https://images.coinafrique.com/thumb_2942148_uploaded_image1_1612894020.jpg
Chaussures  enfants,,"Colobane, Dakar, Sénégal",https://images.coinafrique.com/thumb_4676405_uploaded_image1_1712262646.jpg
Bottes montantes enfants,,"Dakar, Sénégal",https://images.coinafrique.com/thumb_2942252_uploaded_image1_1612898624.jpg
Chaussures enfants,,"Dakar, Sénégal",https://images.coinafrique.com/thumb_4950665_uploaded_image1_1726682392.jpg
Claquettes enfant,,"Dakar, Sénégal",https://images.coinafrique.com/thumb_2972548_uploaded_image1_1614340301.jpg
Chaussures enfant,,"Dakar, Sénégal",https://images.coinafrique.com/thumb_4950665_uploaded_image1_1726682392.jpg
Chaussure enfant,,"Dakar, Sénégal",https://images.coinafrique.com/thumb_4950665_uploaded_image1_1726682392.jpg
Mocassin enfants,,"Dakar, Sénégal",https://images.coinafrique.com/thumb_3319920_uploaded_image1_1630947708.jpg
Chaussures enfant,,"Dakar, Sénégal",https://images.coinafrique.com/thumb_4950665_uploaded_image1_1726682392.jpg
Chaussures enfant,,"Medina, Dakar, Sénégal",https://images.coinafrique.com/thumb_4367839_uploaded_image2_1694130362.jpeg
Chaussures enfant friperie,,"Colobane, Dakar, Sénégal",https://images.coinafrique.com/thumb_3222222_uploaded_image1_1626008303.jpg
Baskets Jordan enfants,,"Colobane, Dakar, Sénégal",https://images.coinafrique.com/thumb_3085703_uploaded_image1_1619658542.jpg
Baskets Nike enfants,,"Colobane, Dakar, Sénégal",https://images.coinafrique.com/thumb_3526935_uploaded_image1_1642345866.jpg
Baskets enfants,,"Colobane, Dakar, Sénégal",https://images.coinafrique.com/thumb_4000080_uploaded_image3_1670513440.jpeg
Baskets enfants,,"Dakar, Sénégal",https://images.coinafrique.com/thumb_4928088_uploaded_image1_1725487276.jpg
Chaussures bébé,,"HLM, Dakar, Sénégal",https://images.coinafrique.com/thumb_4783650_uploaded_image2_1717719898.jpeg
Chaussures bébé,,"HLM, Dakar, Sénégal",https://images.coinafrique.com/thumb_4783650_uploaded_image2_1717719898.jpeg
Ensemble enfant,,"HLM, Dakar, Sénégal",https://images.coinafrique.com/thumb_3032235_uploaded_image1_1617269518.jpg
Baskets Nike Air Force enfants,,"Colobane, Dakar, Sénégal",https://images.coinafrique.com/thumb_3036156_uploaded_image1_1617387240.jpg
Baskets Adidas Yeezy,,"Dakar, Sénégal",https://images.coinafrique.com/thumb_3039797_uploaded_image1_1617561525.jpg
Mocassins enfant,,"Dakar, Sénégal",https://images.coinafrique.com/thumb_3319920_uploaded_image1_1630947708.jpg
Chaussures fillette,,"Dakar, Sénégal",https://images.coinafrique.com/thumb_3039898_uploaded_image1_1617564756.jpg
Chaussures Enfants,,"Dakar, Sénégal",https://images.coinafrique.com/thumb_4950665_uploaded_image1_1726682392.jpg
Chaussures bébé,,"Dakar, Sénégal",https://images.coinafrique.com/thumb_4783650_uploaded_image2_1717719898.jpeg
Chaussures enfant,,"Ziguinchor, Sénégal",https://images.coinafrique.com/thumb_3047906_uploaded_image1_1617901111.jpg
Chaussures enfants,,"Grand Dakar, Dakar, Sénégal",https://images.coinafrique.com/thumb_4430647_uploaded_image1_1698289087.jpg
Chaussures enfant,,"Dakar, Sénégal",https://images.coinafrique.com/thumb_4950665_uploaded_image1_1726682392.jpg
Chaussures enfant,,"Dakar, Sénégal",https://images.coinafrique.com/thumb_4950665_uploaded_image1_1726682392.jpg
Chaussures  fille,,"Colobane, Dakar, Sénégal",https://images.coinafrique.com/thumb_3085706_uploaded_image1_1619658731.jpg
Baskets Jordan enfant,,"Colobane, Dakar, Sénégal",https://images.coinafrique.com/thumb_3085703_uploaded_image1_1619658542.jpg
Chaussures filles,,"Colobane, Dakar, Sénégal",https://images.coinafrique.com/thumb_3085706_uploaded_image1_1619658731.jpg
Chaussures petite fille,,"Dakar, Sénégal",https://images.coinafrique.com/thumb_3088807_uploaded_image1_1619817848.jpg
Chaussures enfant,,"Biscuiterie, Dakar, Sénégal",https://images.coinafrique.com/thumb_3934730_uploaded_image1_1666662380.jpg
Chaussures fille,,"Grand Yoff, Dakar, Sénégal",https://images.coinafrique.com/thumb_3247099_uploaded_image1_1627387079.jpg
Chaussures enfant,,"Fann-Point E-Amitié, Dakar, Sénégal",https://images.coinafrique.com/thumb_3100228_uploaded_image1_1620285689.jpg
Chaussures enfants,,"Biscuiterie, Dakar, Sénégal",https://images.coinafrique.com/thumb_3934730_uploaded_image1_1666662380.jpg
Chaussures enfant,,"Rufisque, Sénégal",https://images.coinafrique.com/thumb_3128593_uploaded_image1_1621701550.jpg
Chaussures enfants,,"Almadies, Dakar, Sénégal",https://images.coinafrique.com/thumb_3102441_uploaded_image1_1620372742.jpg
Chaussures enfant,,"Parcelle Assainies, Dakar, Sénégal",https://images.coinafrique.com/thumb_4588141_uploaded_image1_1707596385.jpg
Chaussures enfants,,"Dieuppeul-Derklé, Dakar, Sénégal",https://images.coinafrique.com/thumb_4566463_uploaded_image1_1706455557.jpg
Chaussures crops bébé,,"Mermoz-Sacré Coeur, Dakar, Sénégal",https://images.coinafrique.com/thumb_3106484_uploaded_image1_1620567535.jpg
Chaussures enfant,,"Grand Dakar, Dakar, Sénégal",https://images.coinafrique.com/thumb_4430647_uploaded_image1_1698289087.jpg
Chaussures orthopédiques enfants,,"Rufisque, Sénégal",https://images.coinafrique.com/thumb_3128593_uploaded_image1_1621701550.jpg
Chaussures bébé,,"Parcelle Assainies, Dakar, Sénégal",https://images.coinafrique.com/thumb_2085293_uploaded_image1_1589039358.jpg
Chaussures enfant,,"Colobane, Dakar, Sénégal",https://images.coinafrique.com/thumb_3222222_uploaded_image1_1626008303.jpg
Baskets Air Jordan enfant,,"Point E, Dakar, Sénégal",https://images.coinafrique.com/thumb_3171528_uploaded_image1_1623678884.jpg
Baskets enfant,,"Colobane, Dakar, Sénégal",https://images.coinafrique.com/thumb_4000080_uploaded_image3_1670513440.jpeg
Chaussures enfant,,"Hann Bel-Air, Dakar, Sénégal",https://images.coinafrique.com/thumb_3672156_uploaded_image1_1651092639.jpg
Chaussures enfants,,"Hann Bel-Air, Dakar, Sénégal",https://images.coinafrique.com/thumb_3672156_uploaded_image1_1651092639.jpg
Chaussures enfants,,"Colobane, Dakar, Sénégal",https://images.coinafrique.com/thumb_3222222_uploaded_image1_1626008303.jpg
Chaussures  enfant,,"Dakar Plateau, Dakar, Sénégal",https://images.coinafrique.com/thumb_4969624_uploaded_image1_1727758825.jpg
Chaussures Enfants,,"Biscuiterie, Dakar, Sénégal",https://images.coinafrique.com/thumb_3934730_uploaded_image1_1666662380.jpg
Babouches enfant,,"Hann Bel-Air, Dakar, Sénégal",https://images.coinafrique.com/thumb_3231496_uploaded_image1_1626390253.jpg
Chaussures enfant,,"Grand Yoff, Dakar, Sénégal",https://images.coinafrique.com/thumb_4623157_uploaded_image1_1709480174.jpg
Chaussures  fille,,"Dakar, Sénégal",https://images.coinafrique.com/thumb_4783650_uploaded_image2_1717719898.jpeg
Chaussures enfant,,"Mermoz-Sacré Coeur, Dakar, Sénégal",https://images.coinafrique.com/thumb_4680911_uploaded_image1_1712514020.jpg
Chaussures enfant,,"Dakar, Sénégal",https://images.coinafrique.com/thumb_4950665_uploaded_image1_1726682392.jpg
Chaussures enfants,,"Dakar, Sénégal",https://images.coinafrique.com/thumb_4950665_uploaded_image1_1726682392.jpg
Chaussures enfants,,"Dakar, Sénégal",https://images.coinafrique.com/thumb_4950665_uploaded_image1_1726682392.jpg
Baskets enfants,,"Colobane, Dakar, Sénégal",https://images.coinafrique.com/thumb_4000080_uploaded_image3_1670513440.jpeg
Mocassins enfant,,"Dakar, Sénégal",https://images.coinafrique.com/thumb_3319920_uploaded_image1_1630947708.jpg
Sandales enfants,,"Sicap Liberté, Dakar, Sénégal",https://images.coinafrique.com/thumb_3326737_uploaded_image1_1631219825.jpg
Chaussures enfant,,"Hann Bel-Air, Dakar, Sénégal",https://images.coinafrique.com/thumb_3336753_uploaded_image1_1631736848.jpg
Mocassins enfant en daim,,"Dakar Plateau, Dakar, Sénégal",https://images.coinafrique.com/thumb_3354895_uploaded_image1_1632752207.jpg
Chaussures enfant,,"Guediawaye, Dakar, Sénégal",https://images.coinafrique.com/thumb_3513868_uploaded_image1_1641563929.jpg
Chaussures enfants,,"Dakar, Sénégal",https://images.coinafrique.com/thumb_4950665_uploaded_image1_1726682392.jpg
Chaussures enfant friperie,,"Colobane, Dakar, Sénégal",https://images.coinafrique.com/thumb_4517970_uploaded_image2_1703783616.jpeg
Chaussures enfants friperie,,"Colobane, Dakar, Sénégal",https://images.coinafrique.com/thumb_4517970_uploaded_image2_1703783616.jpeg
Chaussures orthopédiques enfants,,"Grand Yoff, Dakar, Sénégal",https://images.coinafrique.com/thumb_3429468_uploaded_image1_1636466917.jpg
Chaussures pour enfants,,"Dakar, Sénégal",https://images.coinafrique.com/thumb_4950665_uploaded_image1_1726682392.jpg
Baskets enfant,,"Guediawaye, Dakar, Sénégal",https://images.coinafrique.com/thumb_3398164_uploaded_image1_1634895995.jpg
Sandales fillettes,,"Patte d'oie, Dakar, Sénégal",https://images.coinafrique.com/thumb_3401227_uploaded_image1_1635079924.jpg
Chaussures enfants,,"Mbao, Dakar, Sénégal",https://images.coinafrique.com/thumb_3415124_uploaded_image1_1635810270.jpg
Sandales petites filles,,"Mbao, Dakar, Sénégal",https://images.coinafrique.com/thumb_3415129_uploaded_image1_1635810651.jpg
Baskets Nike Jordan enfants,,"Mbao, Dakar, Sénégal",https://images.coinafrique.com/thumb_3429274_uploaded_image1_1636462416.jpg
Chaussures orthopédiques enfant,,"Grand Yoff, Dakar, Sénégal",https://images.coinafrique.com/thumb_3429468_uploaded_image1_1636466917.jpg
Chaussures enfant,,"Dakar Plateau, Dakar, Sénégal",https://images.coinafrique.com/thumb_4969624_uploaded_image1_1727758825.jpg
Chaussettes bébé,,"HLM, Dakar, Sénégal",https://images.coinafrique.com/thumb_5037805_uploaded_image1_1731321094.jpg
Chaussures  enfant,,"Colobane, Dakar, Sénégal",https://images.coinafrique.com/thumb_4676405_uploaded_image1_1712262646.jpg
Ballerines enfant,,"Ouest Foire, Dakar, Sénégal",https://images.coinafrique.com/thumb_3468451_uploaded_image1_1638628031.jpg
Sandales pour enfants,,"Patte d'oie, Dakar, Sénégal",https://images.coinafrique.com/thumb_3481315_uploaded_image1_1639352929.jpg
Souliers enfants,,"Dieuppeul-Derklé, Dakar, Sénégal",https://images.coinafrique.com/thumb_3486610_uploaded_image1_1639656374.jpg
Chaussures  en cuir,,"Grand Yoff, Dakar, Sénégal",https://images.coinafrique.com/thumb_3495410_uploaded_image1_1640264833.jpg
Baskets enfants Nike,,"Colobane, Dakar, Sénégal",https://images.coinafrique.com/thumb_3526935_uploaded_image1_1642345866.jpg
Baskets Nike enfant,,"Biscuiterie, Dakar, Sénégal",https://images.coinafrique.com/thumb_3496189_uploaded_image2_1640319435.jpeg
Chaussures enfant,,"Guediawaye, Dakar, Sénégal",https://images.coinafrique.com/thumb_3513868_uploaded_image1_1641563929.jpg
Baskets friperie Nike enfants,,"Colobane, Dakar, Sénégal",https://images.coinafrique.com/thumb_3526935_uploaded_image1_1642345866.jpg
Chaussures friperie enfants,,"Colobane, Dakar, Sénégal",https://images.coinafrique.com/thumb_4517970_uploaded_image2_1703783616.jpeg
Pantoufles,,"Cambérène, Dakar, Sénégal",https://images.coinafrique.com/thumb_3533457_uploaded_image1_1642754956.jpg
Pantoufles enfant,,"Cambérène, Dakar, Sénégal",https://images.coinafrique.com/thumb_3533457_uploaded_image1_1642754956.jpg
Chaussures enfants,,"Colobane, Dakar, Sénégal",https://images.coinafrique.com/thumb_4676405_uploaded_image1_1712262646.jpg
Chaussures fille,,"Mermoz-Sacré Coeur, Dakar, Sénégal",https://images.coinafrique.com/thumb_3543253_uploaded_image1_1643397434.jpg
Chaussures enfants,,"Medina, Dakar, Sénégal",https://images.coinafrique.com/thumb_4367839_uploaded_image2_1694130362.jpeg
Baskets Air Force One,,"Colobane, Dakar, Sénégal",https://images.coinafrique.com/thumb_3599487_uploaded_image1_1646755996.jpg
Ballerines enfant,,"Grand Yoff, Dakar, Sénégal",https://images.coinafrique.com/thumb_3617411_uploaded_image1_1647863237.jpg
Chaussures enfants,,"Grand Yoff, Dakar, Sénégal",https://images.coinafrique.com/thumb_4623157_uploaded_image1_1709480174.jpg
Chaussures enfant,,"Thies, Sénégal",https://images.coinafrique.com/thumb_3641983_uploaded_image1_1649278750.jpg
Chaussures enfants,,"Parcelle Assainies, Dakar, Sénégal",https://images.coinafrique.com/thumb_4588141_uploaded_image1_1707596385.jpg
Chaussures enfants,,"Dakar, Sénégal",https://images.coinafrique.com/thumb_4950665_uploaded_image1_1726682392.jpg
Baskets enfant,,"Biscuiterie, Dakar, Sénégal",https://images.coinafrique.com/thumb_3958985_uploaded_image1_1668074060.jpg
Chaussures enfants,,"Dakar, Sénégal",https://images.coinafrique.com/thumb_4950665_uploaded_image1_1726682392.jpg
Chaussures bébé,,"HLM, Dakar, Sénégal",https://images.coinafrique.com/thumb_4783650_uploaded_image2_1717719898.jpeg
Claquettes enfant,,"Colobane, Dakar, Sénégal",https://images.coinafrique.com/thumb_3768510_uploaded_image1_1656771169.jpg
Chaussures enfant,,"Dakar, Sénégal",https://images.coinafrique.com/thumb_4950665_uploaded_image1_1726682392.jpg
Chaussures enfants,,"Sicap Liberté, Dakar, Sénégal",https://images.coinafrique.com/thumb_3777593_uploaded_image1_1657274825.jpg
Sandales africaines enfants,,"Cambérène, Dakar, Sénégal",https://images.coinafrique.com/thumb_3778619_uploaded_image1_1657354885.jpg
Baskets enfant,,"Dakar, Sénégal",https://images.coinafrique.com/thumb_4928088_uploaded_image1_1725487276.jpg
Chaussures fille,,"Dakar Plateau, Dakar, Sénégal",https://images.coinafrique.com/thumb_4781990_uploaded_image1_1717637500.jpg
Chaussures fille,,"Dakar Plateau, Dakar, Sénégal",https://images.coinafrique.com/thumb_4781990_uploaded_image1_1717637500.jpg
Chaussures filles,,"Ouakam, Dakar, Sénégal",https://images.coinafrique.com/thumb_4336733_uploaded_image1_1692136230.jpg
Chaussures enfants,,"Biscuiterie, Dakar, Sénégal",https://images.coinafrique.com/thumb_3934730_uploaded_image1_1666662380.jpg
Chaussures enfants,,"Yoff, Dakar, Sénégal",https://images.coinafrique.com/thumb_4656153_uploaded_image1_1711205088.jpg
Chaussures crocs,,"Dakar, Sénégal",https://images.coinafrique.com/thumb_3874877_uploaded_image1_1662993378.jpg
Chaussure enfants,,"Dakar, Sénégal",https://images.coinafrique.com/thumb_4950665_uploaded_image1_1726682392.jpg
Chaussures enfants,,"Biscuiterie, Dakar, Sénégal",https://images.coinafrique.com/thumb_3934730_uploaded_image1_1666662380.jpg
Baskets enfant,,"Biscuiterie, Dakar, Sénégal",https://images.coinafrique.com/thumb_3958985_uploaded_image1_1668074060.jpg
Baskets enfant friperie,,"Colobane, Dakar, Sénégal",https://images.coinafrique.com/thumb_4000080_uploaded_image3_1670513440.jpeg
Chaussures enfant friperie,,"Colobane, Dakar, Sénégal",https://images.coinafrique.com/thumb_4517970_uploaded_image2_1703783616.jpeg
Chaussures enfants,,"Colobane, Dakar, Sénégal",https://images.coinafrique.com/thumb_4676405_uploaded_image1_1712262646.jpg
Chaussures enfants,,"Colobane, Dakar, Sénégal",https://images.coinafrique.com/thumb_4676405_uploaded_image1_1712262646.jpg
Chaussures crocs,,"HLM, Dakar, Sénégal",https://images.coinafrique.com/thumb_4038403_uploaded_image1_1673050094.jpg
Chaussure Jordan enfant,,"Parcelle Assainies, Dakar, Sénégal",https://images.coinafrique.com/thumb_4040246_uploaded_image1_1673189828.jpg
Pantoufles,,"Grand Yoff, Dakar, Sénégal",https://images.coinafrique.com/thumb_4632466_uploaded_image1_1709901740.jpg
Chaussures enfant,,"Dakar Plateau, Dakar, Sénégal",https://images.coinafrique.com/thumb_4969624_uploaded_image1_1727758825.jpg
Chaussures  enfant,,"Grand Dakar, Dakar, Sénégal",https://images.coinafrique.com/thumb_4430647_uploaded_image1_1698289087.jpg
Chaussures enfant,,"Yoff, Dakar, Sénégal",https://images.coinafrique.com/thumb_4656153_uploaded_image1_1711205088.jpg
Chaussures enfant,,"Dakar Plateau, Dakar, Sénégal",https://images.coinafrique.com/thumb_4969624_uploaded_image1_1727758825.jpg
Baskets enfant,,"Grand Dakar, Dakar, Sénégal",https://images.coinafrique.com/thumb_4201412_uploaded_image1_1683164968.jpg
Bottes fourrées fille,,"Parcelle Assainies, Dakar, Sénégal",https://images.coinafrique.com/thumb_4110432_uploaded_image1_1677428890.jpg
Chaussures enfants,,"Guediawaye, Dakar, Sénégal",https://images.coinafrique.com/thumb_4111498_uploaded_image1_1677508687.jpg
Chaussures  enfant,,"Ouakam, Dakar, Sénégal",https://images.coinafrique.com/thumb_4336733_uploaded_image1_1692136230.jpg
Chaussures enfant,,"Ouakam, Dakar, Sénégal",https://images.coinafrique.com/thumb_4336733_uploaded_image1_1692136230.jpg
Crampons pour enfant,,"Diamniadio, Sénégal",https://images.coinafrique.com/thumb_4101596_uploaded_image1_1676845748.jpg
Ballerines  enfant,,"Sicap foire, Dakar, Sénégal",https://images.coinafrique.com/thumb_4175703_uploaded_image1_1681413005.jpg
Chaussures enfants,,"Dakar Plateau, Dakar, Sénégal",https://images.coinafrique.com/thumb_4969624_uploaded_image1_1727758825.jpg
Chaussures bébé,,"Dakar, Sénégal",https://images.coinafrique.com/thumb_4783650_uploaded_image2_1717719898.jpeg
Chaussures bébé,,"HLM, Dakar, Sénégal",https://images.coinafrique.com/thumb_4783650_uploaded_image2_1717719898.jpeg
Chaussures enfants,,"HLM, Dakar, Sénégal",https://images.coinafrique.com/thumb_4173847_uploaded_image1_1681305963.jpg
Baskets enfant  Jordan,,"Grand Dakar, Dakar, Sénégal",https://images.coinafrique.com/thumb_4201412_uploaded_image1_1683164968.jpg
Chaussures enfant,,"Mermoz-Sacré Coeur, Dakar, Sénégal",https://images.coinafrique.com/thumb_4680911_uploaded_image1_1712514020.jpg
Chaussures enfant,,"Dakar Plateau, Dakar, Sénégal",https://images.coinafrique.com/thumb_4969624_uploaded_image1_1727758825.jpg
Chaussures enfant,,"Grand Dakar, Dakar, Sénégal",https://images.coinafrique.com/thumb_4430647_uploaded_image1_1698289087.jpg
Chaussures enfant - 7 paires,,"Ouakam, Dakar, Sénégal",https://images.coinafrique.com/thumb_4336733_uploaded_image1_1692136230.jpg
Chaussures enfant,,"Parcelle Assainies, Dakar, Sénégal",https://images.coinafrique.com/thumb_4588141_uploaded_image1_1707596385.jpg
Chaussures enfant,,"Grand Dakar, Dakar, Sénégal",https://images.coinafrique.com/thumb_4430647_uploaded_image1_1698289087.jpg
Chaussures enfant,,"Sacré-Coeur, Dakar, Sénégal",https://images.coinafrique.com/thumb_4361430_uploaded_image2_1693749843.jpeg
Chaussures enfant,,"Medina, Dakar, Sénégal",https://images.coinafrique.com/thumb_4367839_uploaded_image2_1694130362.jpeg
Baskets enfant,,"Ngaparou, Sénégal",https://images.coinafrique.com/thumb_4385753_uploaded_image1_1695314124.jpg
Chaussures enfant,,"Diamalaye 1, Dakar, Sénégal",https://images.coinafrique.com/thumb_4392112_uploaded_image1_1695751474.jpg
Chaussures enfant,,"Grand Dakar, Dakar, Sénégal",https://images.coinafrique.com/thumb_4430647_uploaded_image1_1698289087.jpg
Chaussures Skateboard,,"Dakar, Sénégal",https://images.coinafrique.com/thumb_4402279_uploaded_image1_1696422852.jpg
Chaussures enfant,,"Dakar, Sénégal",https://images.coinafrique.com/thumb_4950665_uploaded_image1_1726682392.jpg
Chaussures enfants,,"Dakar Plateau, Dakar, Sénégal",https://images.coinafrique.com/thumb_4969624_uploaded_image1_1727758825.jpg
Chaussures enfant,,"Ouest Foire, Dakar, Sénégal",https://images.coinafrique.com/thumb_4422835_uploaded_image1_1697766757.jpg
Sandales enfant,,"Dakar, Sénégal",https://images.coinafrique.com/thumb_4427622_uploaded_image2_1698104491.jpeg
Chaussures enfants,,"Dakar Plateau, Dakar, Sénégal",https://images.coinafrique.com/thumb_4969624_uploaded_image1_1727758825.jpg
Baskets  Jordan,,"Colobane, Dakar, Sénégal",https://images.coinafrique.com/thumb_4402939_uploaded_image1_1696449724.jpg
Chaussures enfant,,"Dakar Plateau, Dakar, Sénégal",https://images.coinafrique.com/thumb_4969624_uploaded_image1_1727758825.jpg
Chaussures enfant,,"Dakar Plateau, Dakar, Sénégal",https://images.coinafrique.com/thumb_4969624_uploaded_image1_1727758825.jpg
Chaussures enfant,,"Dieuppeul-Derklé, Dakar, Sénégal",https://images.coinafrique.com/thumb_4566463_uploaded_image1_1706455557.jpg
Chaussures enfants,,"Colobane, Dakar, Sénégal",https://images.coinafrique.com/thumb_4676405_uploaded_image1_1712262646.jpg
Chaussures enfants,,"Colobane, Dakar, Sénégal",https://images.coinafrique.com/thumb_4676405_uploaded_image1_1712262646.jpg
Chaussures pour enfant,,"Yoff, Dakar, Sénégal",https://images.coinafrique.com/thumb_4656153_uploaded_image1_1711205088.jpg
Chaussures enfant,,"Dakar Plateau, Dakar, Sénégal",https://images.coinafrique.com/thumb_4969624_uploaded_image1_1727758825.jpg
Chaussures pour enfants,,"Dakar Plateau, Dakar, Sénégal",https://images.coinafrique.com/thumb_4969624_uploaded_image1_1727758825.jpg
Chaussures enfants,,"Sipres, Dakar, Sénégal",https://images.coinafrique.com/thumb_4608262_uploaded_image1_1708692132.jpg
Chaussures enfant Ogiy,,"Grand Yoff, Dakar, Sénégal",https://images.coinafrique.com/thumb_4623157_uploaded_image1_1709480174.jpg
Pantoufle enfants,,"Mbao, Dakar, Sénégal",https://images.coinafrique.com/thumb_4626680_uploaded_image1_1709644598.jpg
Pantoufles  enfants,,"Grand Yoff, Dakar, Sénégal",https://images.coinafrique.com/thumb_4632466_uploaded_image1_1709901740.jpg
Chaussures pour enfant,,"Yoff, Dakar, Sénégal",https://images.coinafrique.com/thumb_4656153_uploaded_image1_1711205088.jpg
Chaussures enfants,,"Mermoz-Sacré Coeur, Dakar, Sénégal",https://images.coinafrique.com/thumb_4680911_uploaded_image1_1712514020.jpg
Timberland enfants,,"Dakar, Sénégal",https://images.coinafrique.com/thumb_4763656_uploaded_image1_1716765652.jpg
Chaussures pour enfants,,"Pikine, Sénégal",https://images.coinafrique.com/thumb_4775765_uploaded_image1_1717362018.jpg
Chaussures enfants,,"Dakar Plateau, Dakar, Sénégal",https://images.coinafrique.com/thumb_4969624_uploaded_image1_1727758825.jpg
Chaussures filles,,"Dakar Plateau, Dakar, Sénégal",https://images.coinafrique.com/thumb_4781990_uploaded_image1_1717637500.jpg
Chaussures bébé et enfant,,"Dakar, Sénégal",https://images.coinafrique.com/thumb_4783650_uploaded_image2_1717719898.jpeg
Chaussures enfants,,"Keur Massar, Sénégal",https://images.coinafrique.com/thumb_4797078_uploaded_image1_1718482814.jpg
Baskets enfant,,"Rufisque, Sénégal",https://images.coinafrique.com/thumb_4921241_uploaded_image1_1725193496.jpg
Baskets Nike React,,"Rufisque, Sénégal",https://images.coinafrique.com/thumb_4921241_uploaded_image1_1725193496.jpg
Baskets Jordan 6,,"Rufisque, Sénégal",https://images.coinafrique.com/thumb_4921251_uploaded_image1_1725193733.jpg
Baskets  Jordan enfants,,"Dakar, Sénégal",https://images.coinafrique.com/thumb_4928088_uploaded_image1_1725487276.jpg
Chaussures enfant,,"Dakar, Sénégal",https://images.coinafrique.com/thumb_4950665_uploaded_image1_1726682392.jpg
Baskets Jordan enfants,,"Dakar Plateau, Dakar, Sénégal",https://images.coinafrique.com/thumb_4930603_uploaded_image1_1725607998.jpg
Baskets Nike enfants,,"Dakar Plateau, Dakar, Sénégal",https://images.coinafrique.com/thumb_4930603_uploaded_image1_1725607998.jpg
Chaussures enfants,,"Dakar Plateau, Dakar, Sénégal",https://images.coinafrique.com/thumb_4969624_uploaded_image1_1727758825.jpg
jordans enfants,,"Dakar Plateau, Dakar, Sénégal",https://images.coinafrique.com/thumb_4969624_uploaded_image1_1727758825.jpg
Jordan enfants,,"Dakar, Sénégal",https://images.coinafrique.com/thumb_4976138_uploaded_image1_1728002356.jpg
Baskets Air Jordan Flight,,"Yoff, Dakar, Sénégal",https://images.coinafrique.com/thumb_4979163_uploaded_image1_1728163897.jpg
Baskets Nike Air Max,,"Yoff, Dakar, Sénégal",https://images.coinafrique.com/thumb_4979173_uploaded_image1_1728164387.jpg
Ballerines enfants,,"Dakar, Sénégal",https://images.coinafrique.com/thumb_5002639_uploaded_image1_1729418695.jpg
Ensemble chaussures et chaussettes pour bebe,,"Dakar Plateau, Dakar, Sénégal",https://images.coinafrique.com/thumb_5037805_uploaded_image1_1731321094.jpg
Claquettes,,"Fass, Dakar, Sénégal",https://images.coinafrique.com/thumb_5047806_uploaded_image1_1731804849.jpg
