type_clothes,price,address,image_link-src
Ensemble costume enfant,,"Dakar, Sénégal",https://images.coinafrique.com/thumb_5010301_uploaded_image1_1729811616.jpg
Ensemble pour enfant,,"Dakar, Sénégal",https://images.coinafrique.com/thumb_5010301_uploaded_image1_1729811616.jpg
Tenue enfant,,"Dakar, Sénégal",https://images.coinafrique.com/thumb_2904738_uploaded_image1_1611251495.jpg
Tenue pour enfant,,"Dakar, Sénégal",https://images.coinafrique.com/thumb_2904738_uploaded_image1_1611251495.jpg
Tenue Enfant,,"Dakar, Sénégal",https://images.coinafrique.com/thumb_2904738_uploaded_image1_1611251495.jpg
Tenues enfant,,"Dakar, Sénégal",https://images.coinafrique.com/thumb_2904738_uploaded_image1_1611251495.jpg
Costume enfant,,"Médina, Dakar, Sénégal",https://images.coinafrique.com/thumb_752448_uploaded_image1_1563350256.56.png
Robe pour enfant,,"Dieuppeul-Derklé, Dakar, Sénégal",https://images.coinafrique.com/thumb_3601827_uploaded_image1_1646873978.jpg
Blouson enfant,,"Médina, Dakar, Sénégal",https://images.coinafrique.com/thumb_5058990_uploaded_image1_1732437877.jpg
Costume enfant,,"Médina, Dakar, Sénégal",https://images.coinafrique.com/thumb_735207_uploaded_image1_1562852018.04.png
Robe brodée enfant,,Sénégal,https://images.coinafrique.com/thumb_4667136_uploaded_image1_1711814665.jpg
Robe enfant,,"Dakar Plateau, Dakar, Sénégal",https://images.coinafrique.com/thumb_3125619_uploaded_image1_1621534794.jpg
Ensemble fille,,"Dakar Plateau, Dakar, Sénégal",https://images.coinafrique.com/thumb_1468335_uploaded_image1_1578834783.45.png
Robe avec sacoche,,"Dakar Plateau, Dakar, Sénégal",https://images.coinafrique.com/thumb_1174277_uploaded_image1_1573245424.6.png
Djellaba Enfant,,"Dakar, Sénégal",https://images.coinafrique.com/thumb_765640_uploaded_image1_1563665850.78.png
Vêtements enfant,,"Dakar, Sénégal",https://images.coinafrique.com/thumb_3198270_uploaded_image1_1625015464.jpg
Costume Enfant,,"Médina, Dakar, Sénégal",https://images.coinafrique.com/thumb_766149_uploaded_image1_1563699401.63.png
Costume enfant,,"Médina, Dakar, Sénégal",https://images.coinafrique.com/thumb_766149_uploaded_image1_1563699401.63.png
Tenue enfant,,"Dakar, Sénégal",https://images.coinafrique.com/thumb_2904738_uploaded_image1_1611251495.jpg
Robe   Getzner  enfant,,"Hann Bel-Air, Dakar, Sénégal",https://images.coinafrique.com/thumb_814621_uploaded_image1_1565037683.29.png
Robes bazin brodé - enfant,,"Hann Bel-Air, Dakar, Sénégal",https://images.coinafrique.com/thumb_1159823_uploaded_image1_1572990841.8.png
Robe enfant,,Sénégal,https://images.coinafrique.com/thumb_4910319_uploaded_image1_1724580054.jpg
Blouson enfant,,"Médina, Dakar, Sénégal",https://images.coinafrique.com/thumb_5046861_uploaded_image1_1731758020.jpg
Vêtements enfants,,"Dakar, Sénégal",https://images.coinafrique.com/thumb_4667484_uploaded_image1_1711840999.jpg
Vêtements enfants,,"Dakar, Sénégal",https://images.coinafrique.com/thumb_4667484_uploaded_image1_1711840999.jpg
Vêtements enfants,,"Dakar, Sénégal",https://images.coinafrique.com/thumb_4667484_uploaded_image1_1711840999.jpg
Robe pour enfant,,"Yoff, Dakar, Sénégal",https://images.coinafrique.com/thumb_4910319_uploaded_image1_1724580054.jpg
Robe classe,,"Yoff, Dakar, Sénégal",https://images.coinafrique.com/thumb_3339695_uploaded_image1_1631884032.jpg
Robes,,"Grand Dakar, Dakar, Sénégal",https://images.coinafrique.com/thumb_1159823_uploaded_image1_1572990841.8.png
Chemise,,"Dakar-Plateau, Dakar, Sénégal",https://images.coinafrique.com/thumb_2189914_uploaded_image1_1590707777.jpg
Habillement,,"Guédiawaye, Dakar, Sénégal",https://images.coinafrique.com/thumb_3404857_uploaded_image1_1635260273.jpg
Jupe,,"Guédiawaye, Dakar, Sénégal",https://images.coinafrique.com/thumb_3737301_uploaded_image1_1654947992.jpg
Ensemble enfant,,"Ouakam, Dakar, Sénégal",https://images.coinafrique.com/thumb_3654415_uploaded_image1_1649975242.jpg
T-shirt - enfant,,"Ouakam, Dakar, Sénégal",https://images.coinafrique.com/thumb_3051993_uploaded_image1_1618077955.jpg
Robe enfant,,"Ouakam, Dakar, Sénégal",https://images.coinafrique.com/thumb_3752164_uploaded_image1_1655824806.jpg
Pantalon - enfant,,"Ouakam, Dakar, Sénégal",https://images.coinafrique.com/thumb_1061864_uploaded_image1_1571051920.44.png
Chemise - enfant,,"Ouakam, Dakar, Sénégal",https://images.coinafrique.com/thumb_1061891_uploaded_image1_1571052122.28.png
Chemise - enfant,,"Ouakam, Dakar, Sénégal",https://images.coinafrique.com/thumb_1061891_uploaded_image1_1571052122.28.png
Chemise-enfant,,"Ouakam, Dakar, Sénégal",https://images.coinafrique.com/thumb_1061891_uploaded_image1_1571052122.28.png
Ensemble - enfant,,"Ouakam, Dakar, Sénégal",https://images.coinafrique.com/thumb_3654415_uploaded_image1_1649975242.jpg
Pantalon enfant,,"Ouakam, Dakar, Sénégal",https://images.coinafrique.com/thumb_1061864_uploaded_image1_1571051920.44.png
Haut-enfant,,"Ouakam, Dakar, Sénégal",https://images.coinafrique.com/thumb_1061921_uploaded_image1_1571052396.32.png
Ensemble enfant,,"M'bour, Sénégal",https://images.coinafrique.com/thumb_4054351_uploaded_image1_1673991497.jpg
Djellaba - enfant,,"Touba, Sénégal",https://images.coinafrique.com/thumb_765640_uploaded_image1_1563665850.78.png
Vêtements enfant,,"Hann Bel-Air, Dakar, Sénégal",https://images.coinafrique.com/thumb_4667484_uploaded_image1_1711840999.jpg
Maillots de bain,,"Dakar, Sénégal",https://images.coinafrique.com/thumb_1118621_uploaded_image1_1573389584.27.png
Pull-over enfant,,"Dakar, Sénégal",https://images.coinafrique.com/thumb_1020573_uploaded_image1_1570128555.58.png
Ensemble enfant,,"Dakar, Sénégal",https://images.coinafrique.com/thumb_5010301_uploaded_image1_1729811616.jpg
Vêtements enfant,,"Dakar, Sénégal",https://images.coinafrique.com/thumb_2512733_uploaded_image1_1596568364.jpg
Ensemble enfant,,"Guediawaye, Dakar, Sénégal",https://images.coinafrique.com/thumb_5010327_uploaded_image1_1729813849.jpg
Habits,,"Dakar, Sénégal",https://images.coinafrique.com/thumb_3785558_uploaded_image1_1657883008.jpg
Robes pour enfants,,"Grand Dakar, Dakar, Sénégal",https://images.coinafrique.com/thumb_1021961_uploaded_image1_1570172652.67.png
Robes  filles,,"Grand Dakar, Dakar, Sénégal",https://images.coinafrique.com/thumb_1784678_uploaded_image1_1584029251.42.png
Blousons enfants,,"M'bour, Sénégal",https://images.coinafrique.com/thumb_1181045_uploaded_image1_1573426145.72.png
Ensemble veste - enfant,,"Guédiawaye, Dakar, Sénégal",https://images.coinafrique.com/thumb_4479762_uploaded_image1_1701402947.jpg
Ensemble enfant,,"Guédiawaye, Dakar, Sénégal",https://images.coinafrique.com/thumb_5010327_uploaded_image1_1729813849.jpg
Vêtement enfant,,"Guediawaye, Dakar, Sénégal",https://images.coinafrique.com/thumb_3198270_uploaded_image1_1625015464.jpg
Vêtements enfant,,"Dakar Plateau, Dakar, Sénégal",https://images.coinafrique.com/thumb_3453271_uploaded_image1_1637794848.jpg
Blouson pour enfant,,"Mboro, Sénégal",https://images.coinafrique.com/thumb_3035799_uploaded_image2_1617378839.jpeg
Robe princesse,,"Dakar, Sénégal",https://images.coinafrique.com/thumb_3664445_uploaded_image2_1650586926.jpeg
Robe  pour enfants,,"Mermoz-Sacré-Cœur, Dakar, Sénégal",https://images.coinafrique.com/thumb_4677506_uploaded_image1_1712318751.jpg
Robe brodé et bazin,,"Mermoz-Sacré-Cœur, Dakar, Sénégal",https://images.coinafrique.com/thumb_2112935_uploaded_image1_1589474288.jpg
Robe pour enfants,,"Mermoz-Sacré-Cœur, Dakar, Sénégal",https://images.coinafrique.com/thumb_4677506_uploaded_image1_1712318751.jpg
Robes,,"Fann, Dakar, Sénégal",https://images.coinafrique.com/thumb_1330054_uploaded_image1_1576151241.57.png
Boxer slip fille,,Sénégal,https://images.coinafrique.com/thumb_1344415_uploaded_image1_1576424608.36.png
Robe fillette,,"Dakar, Sénégal",https://images.coinafrique.com/thumb_1373672_uploaded_image1_1576952145.0.png
Robe fillette,,"Dakar, Sénégal",https://images.coinafrique.com/thumb_1373672_uploaded_image1_1576952145.0.png
Robes fillettes,,"Grand Yoff, Dakar, Sénégal",https://images.coinafrique.com/thumb_2537979_uploaded_image1_1597257740.jpg
Ensemble enfant,,"Parcelle Assainies, Dakar, Sénégal",https://images.coinafrique.com/thumb_3899030_uploaded_image1_1664501471.jpg
Complet enfant,,"Les Parcelles Assainies, Dakar, Sénégal",https://images.coinafrique.com/thumb_2110252_uploaded_image1_1589447206.jpg
Vêtement enfant,,"Ouakam, Dakar, Sénégal",https://images.coinafrique.com/thumb_3198270_uploaded_image1_1625015464.jpg
Lacoste enfant,,"Grand Yoff, Dakar, Sénégal",https://images.coinafrique.com/thumb_1543886_uploaded_image1_1580076977.34.png
Lacoste 2-6 ans,,"Grand Yoff, Dakar, Sénégal",https://images.coinafrique.com/thumb_1543944_uploaded_image1_1580077931.79.png
Polo Lacoste 2-6 ans,,"Grand Yoff, Dakar, Sénégal",https://images.coinafrique.com/thumb_1543944_uploaded_image1_1580077931.79.png
Polo Lacoste,,"Grand Yoff, Dakar, Sénégal",https://images.coinafrique.com/thumb_1543944_uploaded_image1_1580077931.79.png
Ensemble bébé,,"Gueule Tapée-Fass-Colobane, Dakar, Sénégal",https://images.coinafrique.com/thumb_2743223_uploaded_image1_1604671783.jpg
Ensemble bébé,,"Gueule Tapée-Fass-Colobane, Dakar, Sénégal",https://images.coinafrique.com/thumb_2743223_uploaded_image1_1604671783.jpg
Chemise enfant,,"Thies Nord, Thiès, Sénégal",https://images.coinafrique.com/thumb_1910234_uploaded_image1_1586298807.14.png
Tenue mardi gras,,"Parcelle Assainies, Dakar, Sénégal",https://images.coinafrique.com/thumb_1697316_uploaded_image1_1582554886.1.png
Tenue mardi gras,,"Les Parcelles Assainies, Dakar, Sénégal",https://images.coinafrique.com/thumb_1607904_uploaded_image1_1581036553.31.png
Tenues pour mardi-gras,,"Les Parcelles Assainies, Dakar, Sénégal",https://images.coinafrique.com/thumb_1607904_uploaded_image1_1581036553.31.png
Ensemble short,,"Dakar-Plateau, Dakar, Sénégal",https://images.coinafrique.com/thumb_2238880_uploaded_image1_1591454589.jpg
Boxers enfants,,"Patte d'Oie, Dakar, Sénégal",https://images.coinafrique.com/thumb_3516897_uploaded_image1_1641755817.jpg
Tenues mardi-gras,,"Les Parcelles Assainies, Dakar, Sénégal",https://images.coinafrique.com/thumb_1607904_uploaded_image1_1581036553.31.png
Vêtements enfant,,"Yoff, Dakar, Sénégal",https://images.coinafrique.com/thumb_2512733_uploaded_image1_1596568364.jpg
Robe,,"Sicap Liberté, Dakar, Sénégal",https://images.coinafrique.com/thumb_3308950_uploaded_image1_1630499428.jpg
Robe enfant,,"Point E, Dakar, Sénégal",https://images.coinafrique.com/thumb_1784678_uploaded_image1_1584029251.42.png
Habits pour enfants,,"Grand Dakar, Dakar, Sénégal",https://images.coinafrique.com/thumb_3252830_uploaded_image1_1627680137.jpg
Boxer slip fille,,"Fass, Dakar, Sénégal",https://images.coinafrique.com/thumb_1344415_uploaded_image1_1576424608.36.png
Robe enfant,,"Mermoz-Sacré-Cœur, Dakar, Sénégal",https://images.coinafrique.com/thumb_1773838_uploaded_image1_1583862932.13.png
Ensemble enfant,,"Dakar-Plateau, Dakar, Sénégal",https://images.coinafrique.com/thumb_4512928_uploaded_image1_1703449636.jpg
Vêtement enfant,,"Dakar-Plateau, Dakar, Sénégal",https://images.coinafrique.com/thumb_3453271_uploaded_image1_1637794848.jpg
Robe enfant fille,,"Point E, Dakar, Sénégal",https://images.coinafrique.com/thumb_4273754_uploaded_image1_1687981649.jpg
Ensemble bébé,,"HLM, Dakar, Sénégal",https://images.coinafrique.com/thumb_2743223_uploaded_image1_1604671783.jpg
Maillot enfant original,,"Point E, Dakar, Sénégal",https://images.coinafrique.com/thumb_3616215_uploaded_image1_1647769308.jpg
Ensemble pantalon enfant,,"Dakar, Sénégal",https://images.coinafrique.com/thumb_1810071_uploaded_image1_1584488550.47.png
Combinaison enfant,,"Dakar, Sénégal",https://images.coinafrique.com/thumb_1834624_uploaded_image1_1584951207.3.png
Tenue de baptême,,"Rufisque, Sénégal",https://images.coinafrique.com/thumb_1906387_uploaded_image1_1586252732.58.png
Tenue de baptême / fille,,"Rufisque, Sénégal",https://images.coinafrique.com/thumb_4623255_uploaded_image2_1709484828.jpeg
Ensemble coton garçon,,"Rufisque, Sénégal",https://images.coinafrique.com/thumb_2274571_uploaded_image1_1591981803.jpg
Ensemble enfant garçon,,"Rufisque, Sénégal",https://images.coinafrique.com/thumb_4571564_uploaded_image1_1706728937.jpg
Vêtement enfant,,"HLM, Dakar, Sénégal",https://images.coinafrique.com/thumb_3198270_uploaded_image1_1625015464.jpg
Ensemble enfant,,"HLM, Dakar, Sénégal",https://images.coinafrique.com/thumb_1943553_uploaded_image1_1586864671.63.jpeg
Vêtements enfant,,"HLM, Dakar, Sénégal",https://images.coinafrique.com/thumb_3198270_uploaded_image1_1625015464.jpg
Caleçons enfant,,"Mermoz-Sacré-Cœur, Dakar, Sénégal",https://images.coinafrique.com/thumb_2097474_uploaded_image1_1589248311.jpg
Robes,,"HLM, Dakar, Sénégal",https://images.coinafrique.com/thumb_4804282_uploaded_image1_1718982396.jpg
Slip pour enfant,,"Mermoz-Sacré-Cœur, Dakar, Sénégal",https://images.coinafrique.com/thumb_2527176_uploaded_image1_1596983400.jpg
12 slips pour enfant,,"Dakar, Sénégal",https://images.coinafrique.com/thumb_2295755_uploaded_image1_1592329461.jpg
Bonnets pour enfant,,"HLM, Dakar, Sénégal",https://images.coinafrique.com/thumb_2530456_uploaded_image1_1597074397.jpg
Vêtements enfants,,"Pikine, Sénégal",https://images.coinafrique.com/thumb_3198270_uploaded_image1_1625015464.jpg
Robes pour enfants,,"Biscuiterie, Dakar, Sénégal",https://images.coinafrique.com/thumb_3663325_uploaded_image1_1650536012.jpg
Robe enfants,,"Biscuiterie, Dakar, Sénégal",https://images.coinafrique.com/thumb_3663325_uploaded_image1_1650536012.jpg
Robe Enfants,,"Biscuiterie, Dakar, Sénégal",https://images.coinafrique.com/thumb_3663325_uploaded_image1_1650536012.jpg
Slip pour enfant,,"Dakar, Sénégal",https://images.coinafrique.com/thumb_2527176_uploaded_image1_1596983400.jpg
Robe enfant,,"HLM, Dakar, Sénégal",https://images.coinafrique.com/thumb_4223428_uploaded_image1_1684582026.jpg
Ensemble enfant,,"HLM, Dakar, Sénégal",https://images.coinafrique.com/thumb_1943553_uploaded_image1_1586864671.63.jpeg
Vêtement enfant,,"Grand Yoff, Dakar, Sénégal",https://images.coinafrique.com/thumb_3384909_uploaded_image1_1634171727.jpg
Vêtement enfant,,"Grand Yoff, Dakar, Sénégal",https://images.coinafrique.com/thumb_3384909_uploaded_image1_1634171727.jpg
Robe enfant,,"Biscuiterie, Dakar, Sénégal",https://images.coinafrique.com/thumb_3663325_uploaded_image1_1650536012.jpg
Robes enfant fait main,,"Biscuiterie, Dakar, Sénégal",https://images.coinafrique.com/thumb_3661262_uploaded_image1_1650410534.jpg
Robes,,"Fann, Dakar, Sénégal",https://images.coinafrique.com/thumb_1330054_uploaded_image1_1576151241.57.png
Tuniques enfant,,"Fann, Dakar, Sénégal",https://images.coinafrique.com/thumb_2188090_uploaded_image1_1590683954.jpg
Slip enfant,,"Dakar, Sénégal",https://images.coinafrique.com/thumb_2527176_uploaded_image1_1596983400.jpg
Caleçon pour enfants,,"Dakar, Sénégal",https://images.coinafrique.com/thumb_2097474_uploaded_image1_1589248311.jpg
Vêtements pour enfants,,"Fann, Dakar, Sénégal",https://images.coinafrique.com/thumb_4645364_uploaded_image1_1710623336.jpg
Complet enfant,,"Fann, Dakar, Sénégal",https://images.coinafrique.com/thumb_2160098_uploaded_image1_1590213898.jpg
Vêtement enfant,,"Fann, Dakar, Sénégal",https://images.coinafrique.com/thumb_4645364_uploaded_image1_1710623336.jpg
Vêtements  enfants,,"Fann, Dakar, Sénégal",https://images.coinafrique.com/thumb_4645364_uploaded_image1_1710623336.jpg
Robes,,"Mermoz-Sacré Coeur, Dakar, Sénégal",https://images.coinafrique.com/thumb_3808232_uploaded_image1_1659347593.jpg
Polo pour enfants,,"Dakar Plateau, Dakar, Sénégal",https://images.coinafrique.com/thumb_2160076_uploaded_image1_1590213417.jpg
Pantalon pour enfants,,"Dakar Plateau, Dakar, Sénégal",https://images.coinafrique.com/thumb_2136743_uploaded_image1_1589868445.jpg
Vêtements enfants,,"Dakar Plateau, Dakar, Sénégal",https://images.coinafrique.com/thumb_3453271_uploaded_image1_1637794848.jpg
Vêtements enfants,,"Dakar Plateau, Dakar, Sénégal",https://images.coinafrique.com/thumb_3453271_uploaded_image1_1637794848.jpg
Vêtements pour enfants,,"Dakar Plateau, Dakar, Sénégal",https://images.coinafrique.com/thumb_3453271_uploaded_image1_1637794848.jpg
Vêtements enfant,,"Dakar Plateau, Dakar, Sénégal",https://images.coinafrique.com/thumb_3453271_uploaded_image1_1637794848.jpg
Robes,,"Dakar Plateau, Dakar, Sénégal",https://images.coinafrique.com/thumb_3853493_uploaded_image1_1661883220.jpg
T-shirts 100% coton,,"Dakar Plateau, Dakar, Sénégal",https://images.coinafrique.com/thumb_2780244_uploaded_image1_1606073840.jpg
T-Shirt - Short,,"Dakar Plateau, Dakar, Sénégal",https://images.coinafrique.com/thumb_2574025_uploaded_image1_1598343777.jpg
Vêtements pour enfants,,"Dakar Plateau, Dakar, Sénégal",https://images.coinafrique.com/thumb_3453271_uploaded_image1_1637794848.jpg
Vêtements  enfant,,"Dakar Plateau, Dakar, Sénégal",https://images.coinafrique.com/thumb_3453271_uploaded_image1_1637794848.jpg
Ensemble culotte,,"Dakar Plateau, Dakar, Sénégal",https://images.coinafrique.com/thumb_2196448_uploaded_image1_1590795659.jpg
Robe enfants,,"Biscuiterie, Dakar, Sénégal",https://images.coinafrique.com/thumb_3663325_uploaded_image1_1650536012.jpg
Ensemble enfant,,"Fass, Dakar, Sénégal",https://images.coinafrique.com/thumb_2133600_uploaded_image1_1589810793.jpg
Robe enfant,,"Rufisque, Sénégal",https://images.coinafrique.com/thumb_2850857_uploaded_image1_1608821060.jpg
Robe en coton enfant,,"Rufisque, Sénégal",https://images.coinafrique.com/thumb_2135496_uploaded_image1_1589838190.jpg
Robes coton enfant,,"Rufisque, Sénégal",https://images.coinafrique.com/thumb_2135496_uploaded_image1_1589838190.jpg
Robe de cérémonie enfant,,"Rufisque, Sénégal",https://images.coinafrique.com/thumb_2135575_uploaded_image1_1589839307.jpg
Robe de cérémonie enfant,,"Rufisque, Sénégal",https://images.coinafrique.com/thumb_2135575_uploaded_image1_1589839307.jpg
Robe de cérémonie enfant,,"Rufisque, Sénégal",https://images.coinafrique.com/thumb_2135575_uploaded_image1_1589839307.jpg
Robe de cérémonie enfant,,"Rufisque, Sénégal",https://images.coinafrique.com/thumb_2135575_uploaded_image1_1589839307.jpg
Complet enfant,,"Dakar Plateau, Dakar, Sénégal",https://images.coinafrique.com/thumb_2160093_uploaded_image1_1590213831.jpg
Pantalon enfant,,"Dakar Plateau, Dakar, Sénégal",https://images.coinafrique.com/thumb_2136743_uploaded_image1_1589868445.jpg
Polo enfant,,"Dakar Plateau, Dakar, Sénégal",https://images.coinafrique.com/thumb_2160076_uploaded_image1_1590213417.jpg
Robe enfant,,"Dieuppeul-Derklé, Dakar, Sénégal",https://images.coinafrique.com/thumb_3601827_uploaded_image1_1646873978.jpg
Robe enfant,,"Dieuppeul-Derklé, Dakar, Sénégal",https://images.coinafrique.com/thumb_3601827_uploaded_image1_1646873978.jpg
Maillot de bain enfant,,"Ouakam, Dakar, Sénégal",https://images.coinafrique.com/thumb_1118621_uploaded_image1_1573389584.27.png
Robes pour enfants,,"Biscuiterie, Dakar, Sénégal",https://images.coinafrique.com/thumb_3663325_uploaded_image1_1650536012.jpg
Robe,,"Parcelle Assainies, Dakar, Sénégal",https://images.coinafrique.com/thumb_4686597_uploaded_image1_1712843301.jpg
Vêtements enfants,,"Dakar, Sénégal",https://images.coinafrique.com/thumb_2512733_uploaded_image1_1596568364.jpg
Polo  enfant,,"Dakar Plateau, Dakar, Sénégal",https://images.coinafrique.com/thumb_2160076_uploaded_image1_1590213417.jpg
Complet  enfant,,"Dakar Plateau, Dakar, Sénégal",https://images.coinafrique.com/thumb_2160093_uploaded_image1_1590213831.jpg
Shorts pour enfant,,"Grand Yoff, Dakar, Sénégal",https://images.coinafrique.com/thumb_4402991_uploaded_image1_1696452237.jpg
Pack chouchou,,"Fass, Dakar, Sénégal",https://images.coinafrique.com/thumb_2175810_uploaded_image1_1590504416.jpg
Robes enfants,,"Dakar Plateau, Dakar, Sénégal",https://images.coinafrique.com/thumb_3125619_uploaded_image1_1621534794.jpg
Vêtement enfant,,"Mermoz-Sacré-Cœur, Dakar, Sénégal",https://images.coinafrique.com/thumb_2512733_uploaded_image1_1596568364.jpg
Vêtements enfants,,"Dakar Plateau, Dakar, Sénégal",https://images.coinafrique.com/thumb_3453271_uploaded_image1_1637794848.jpg
Chemises enfants,,"Dakar Plateau, Dakar, Sénégal",https://images.coinafrique.com/thumb_3174199_uploaded_image2_1623782190.jpeg
Robe enfant,,"Hann Bel-Air, Dakar, Sénégal",https://images.coinafrique.com/thumb_2190410_uploaded_image1_1590716786.jpg
Ensemble t-shirt + culotte,,"Dakar Plateau, Dakar, Sénégal",https://images.coinafrique.com/thumb_2196448_uploaded_image1_1590795659.jpg
Ensemble pour enfants,,"Dakar Plateau, Dakar, Sénégal",https://images.coinafrique.com/thumb_4512928_uploaded_image1_1703449636.jpg
Pour enfants,,"Dakar Plateau, Dakar, Sénégal",https://images.coinafrique.com/thumb_4945928_uploaded_image1_1726439169.jpg
Robe fille,,"Dakar Plateau, Dakar, Sénégal",https://images.coinafrique.com/thumb_3853488_uploaded_image1_1661883039.jpg
Robe,,"Dakar Plateau, Dakar, Sénégal",https://images.coinafrique.com/thumb_3853493_uploaded_image1_1661883220.jpg
Vêtements enfants,,"Dakar Plateau, Dakar, Sénégal",https://images.coinafrique.com/thumb_3453271_uploaded_image1_1637794848.jpg
Ensemble enfant,,"Dakar Plateau, Dakar, Sénégal",https://images.coinafrique.com/thumb_4512928_uploaded_image1_1703449636.jpg
Slip pour enfant,,"Dakar, Sénégal",https://images.coinafrique.com/thumb_2527176_uploaded_image1_1596983400.jpg
Short en jeans,,"Dakar, Sénégal",https://images.coinafrique.com/thumb_2492364_uploaded_image1_1595948610.jpg
Habits pour enfants,,"Dakar Plateau, Dakar, Sénégal",https://images.coinafrique.com/thumb_2217841_uploaded_image1_1591140591.jpg
Robe pour enfant,,"Dakar Plateau, Dakar, Sénégal",https://images.coinafrique.com/thumb_3125619_uploaded_image1_1621534794.jpg
Ensemble Shorts,,"Grand Dakar, Dakar, Sénégal",https://images.coinafrique.com/thumb_4402991_uploaded_image1_1696452237.jpg
Ensemble short +t-shirt garçon,,"Rufisque, Sénégal",https://images.coinafrique.com/thumb_2274532_uploaded_image1_1591981386.jpg
Ensemble short + t-shirt garçon,,"Rufisque, Sénégal",https://images.coinafrique.com/thumb_2274532_uploaded_image1_1591981386.jpg
Vêtements - Enfants,,"Dakar Plateau, Dakar, Sénégal",https://images.coinafrique.com/thumb_3453271_uploaded_image1_1637794848.jpg
Vêtements enfant,,"Dakar Plateau, Dakar, Sénégal",https://images.coinafrique.com/thumb_3453271_uploaded_image1_1637794848.jpg
Tenue  pour enfant,,"Dakar Plateau, Dakar, Sénégal",https://images.coinafrique.com/thumb_2317504_uploaded_image1_1592652130.jpg
Tenue / enfant,,"Dakar Plateau, Dakar, Sénégal",https://images.coinafrique.com/thumb_2317504_uploaded_image1_1592652130.jpg
Tenue pour enfant,,"Dakar Plateau, Dakar, Sénégal",https://images.coinafrique.com/thumb_2317504_uploaded_image1_1592652130.jpg
Vêtements Pour enfants,,"Dakar Plateau, Dakar, Sénégal",https://images.coinafrique.com/thumb_3453271_uploaded_image1_1637794848.jpg
Vêtements pour enfants,,"Dakar Plateau, Dakar, Sénégal",https://images.coinafrique.com/thumb_3453271_uploaded_image1_1637794848.jpg
Ensemble pour bébé,,"Rufisque, Sénégal",https://images.coinafrique.com/thumb_3396563_uploaded_image1_1634810875.jpg
Lot de 12 slips enfant,,"Dieuppeul-Derklé, Dakar, Sénégal",https://images.coinafrique.com/thumb_2295755_uploaded_image1_1592329461.jpg
Boubous enfants,,"Dakar, Sénégal",https://images.coinafrique.com/thumb_2229173_uploaded_image1_1591297708.jpg
Tenues enfants,,"Dakar, Sénégal",https://images.coinafrique.com/thumb_2904738_uploaded_image1_1611251495.jpg
Vêtements enfants,,"HLM, Dakar, Sénégal",https://images.coinafrique.com/thumb_3198270_uploaded_image1_1625015464.jpg
Vêtements enfant,,"Dakar, Sénégal",https://images.coinafrique.com/thumb_2512733_uploaded_image1_1596568364.jpg
Vêtement enfant,,"Grand Yoff, Dakar, Sénégal",https://images.coinafrique.com/thumb_3384909_uploaded_image1_1634171727.jpg
Vêtement enfant,,"Dakar, Sénégal",https://images.coinafrique.com/thumb_2512733_uploaded_image1_1596568364.jpg
Tenue enfant,,"Dakar, Sénégal",https://images.coinafrique.com/thumb_2904738_uploaded_image1_1611251495.jpg
Robes enfants,,"HLM, Dakar, Sénégal",https://images.coinafrique.com/thumb_4223425_uploaded_image3_1684581867.jpeg
Vêtements enfants,,"Grand Yoff, Dakar, Sénégal",https://images.coinafrique.com/thumb_3384909_uploaded_image1_1634171727.jpg
Robes  enfant,,"Dakar, Sénégal",https://images.coinafrique.com/thumb_4677506_uploaded_image1_1712318751.jpg
Vêtement enfant,,"HLM, Dakar, Sénégal",https://images.coinafrique.com/thumb_3198270_uploaded_image1_1625015464.jpg
Boubous en tissu   / enfants,,"Grand Yoff, Dakar, Sénégal",https://images.coinafrique.com/thumb_3748323_uploaded_image1_1655568941.jpg
Vêtements enfants,,"Dakar, Sénégal",https://images.coinafrique.com/thumb_2512733_uploaded_image1_1596568364.jpg
Vêtements enfants,,"Dakar, Sénégal",https://images.coinafrique.com/thumb_2512733_uploaded_image1_1596568364.jpg
Vêtements  enfants,,"Dakar, Sénégal",https://images.coinafrique.com/thumb_2512733_uploaded_image1_1596568364.jpg
Habits enfants,,"Dakar, Sénégal",https://images.coinafrique.com/thumb_3785558_uploaded_image1_1657883008.jpg
Ensemble enfant,,"Dakar, Sénégal",https://images.coinafrique.com/thumb_5010301_uploaded_image1_1729811616.jpg
Vêtements - Enfants,,"Dakar, Sénégal",https://images.coinafrique.com/thumb_2512733_uploaded_image1_1596568364.jpg
Vêtements enfant,,"Dakar, Sénégal",https://images.coinafrique.com/thumb_2512733_uploaded_image1_1596568364.jpg
Robes / enfants,,"Dakar, Sénégal",https://images.coinafrique.com/thumb_4677506_uploaded_image1_1712318751.jpg
Vêtements  enfants,,"Dakar, Sénégal",https://images.coinafrique.com/thumb_2512733_uploaded_image1_1596568364.jpg
Vêtement enfant,,"Dakar, Sénégal",https://images.coinafrique.com/thumb_2512733_uploaded_image1_1596568364.jpg
Vêtements  enfant,,"Dakar, Sénégal",https://images.coinafrique.com/thumb_2512733_uploaded_image1_1596568364.jpg
Ensemble enfants,,"Dakar, Sénégal",https://images.coinafrique.com/thumb_5010301_uploaded_image1_1729811616.jpg
Vêtements Enfants,,"Dakar, Sénégal",https://images.coinafrique.com/thumb_2512733_uploaded_image1_1596568364.jpg
Vêtements  enfant,500.0,"Cambérène, Dakar, Sénégal",https://images.coinafrique.com/thumb_3384909_uploaded_image1_1634171727.jpg
Ensemble bébé,,"HLM, Dakar, Sénégal",https://images.coinafrique.com/thumb_2743223_uploaded_image1_1604671783.jpg
Crop top  / enfants,300.0,"Cambérène, Dakar, Sénégal",https://images.coinafrique.com/thumb_4709483_uploaded_image1_1713995121.jpg
Robe enfant,,"HLM, Dakar, Sénégal",https://images.coinafrique.com/thumb_4223425_uploaded_image3_1684581867.jpeg
Vêtements enfants,,"Dakar, Sénégal",https://images.coinafrique.com/thumb_2512733_uploaded_image1_1596568364.jpg
Tenues enfant,,"Dakar, Sénégal",https://images.coinafrique.com/thumb_2904738_uploaded_image1_1611251495.jpg
Robes  enfant,,"Grand Yoff, Dakar, Sénégal",https://images.coinafrique.com/thumb_4667140_uploaded_image1_1711815203.jpg
Robes enfants,,"Dakar, Sénégal",https://images.coinafrique.com/thumb_4677506_uploaded_image1_1712318751.jpg
Robes,,"Dakar, Sénégal",https://images.coinafrique.com/thumb_4783648_uploaded_image1_1717719693.jpg
Vêtements enfant,,"Dakar, Sénégal",https://images.coinafrique.com/thumb_2512733_uploaded_image1_1596568364.jpg
Vêtements enfant,,"Dakar, Sénégal",https://images.coinafrique.com/thumb_2512733_uploaded_image1_1596568364.jpg
Robes,,"Dakar, Sénégal",https://images.coinafrique.com/thumb_4783648_uploaded_image1_1717719693.jpg
Vêtements  enfant,,"Dakar, Sénégal",https://images.coinafrique.com/thumb_2512733_uploaded_image1_1596568364.jpg
Habits enfants,,"Dakar, Sénégal",https://images.coinafrique.com/thumb_3785558_uploaded_image1_1657883008.jpg
Robes enfants,,"Biscuiterie, Dakar, Sénégal",https://images.coinafrique.com/thumb_3663325_uploaded_image1_1650536012.jpg
Caleçon enfant,,"Fass, Dakar, Sénégal",https://images.coinafrique.com/thumb_2434001_uploaded_image1_1594646583.jpg
Djellaba enfant,,"Biscuiterie, Dakar, Sénégal",https://images.coinafrique.com/thumb_3663604_uploaded_image1_1650545798.jpg
Robes enfants,,"Dakar, Sénégal",https://images.coinafrique.com/thumb_4677506_uploaded_image1_1712318751.jpg
Vêtements  enfants,,"Ouakam, Dakar, Sénégal",https://images.coinafrique.com/thumb_3198270_uploaded_image1_1625015464.jpg
Robes enfant,,"Dakar Plateau, Dakar, Sénégal",https://images.coinafrique.com/thumb_3125619_uploaded_image1_1621534794.jpg
Robes fille,,"Dakar Plateau, Dakar, Sénégal",https://images.coinafrique.com/thumb_3853488_uploaded_image1_1661883039.jpg
Robes  fille,,"Dakar Plateau, Dakar, Sénégal",https://images.coinafrique.com/thumb_3853488_uploaded_image1_1661883039.jpg
Robes fille,,"Dakar Plateau, Dakar, Sénégal",https://images.coinafrique.com/thumb_3853488_uploaded_image1_1661883039.jpg
Robes filles,,"Dakar Plateau, Dakar, Sénégal",https://images.coinafrique.com/thumb_3853488_uploaded_image1_1661883039.jpg
Robes enfants,,"Biscuiterie, Dakar, Sénégal",https://images.coinafrique.com/thumb_3663325_uploaded_image1_1650536012.jpg
Vêtement enfant,,"HLM, Dakar, Sénégal",https://images.coinafrique.com/thumb_3198270_uploaded_image1_1625015464.jpg
Vêtements enfants,,"Ouakam, Dakar, Sénégal",https://images.coinafrique.com/thumb_3198270_uploaded_image1_1625015464.jpg
Vêtements enfants,,"Ouakam, Dakar, Sénégal",https://images.coinafrique.com/thumb_3198270_uploaded_image1_1625015464.jpg
Robes,,"Biscuiterie, Dakar, Sénégal",https://images.coinafrique.com/thumb_3663325_uploaded_image1_1650536012.jpg
Vêtements  enfant,,"Biscuiterie, Dakar, Sénégal",https://images.coinafrique.com/thumb_3198270_uploaded_image1_1625015464.jpg
Vêtements enfant,,"Biscuiterie, Dakar, Sénégal",https://images.coinafrique.com/thumb_3198270_uploaded_image1_1625015464.jpg
Vêtements  enfant,,"Grand Yoff, Dakar, Sénégal",https://images.coinafrique.com/thumb_3384909_uploaded_image1_1634171727.jpg
Vêtements  enfant,,"HLM, Dakar, Sénégal",https://images.coinafrique.com/thumb_3198270_uploaded_image1_1625015464.jpg
Robes enfants,,"HLM, Dakar, Sénégal",https://images.coinafrique.com/thumb_4223425_uploaded_image3_1684581867.jpeg
Ensemble enfants,,"Parcelle Assainies, Dakar, Sénégal",https://images.coinafrique.com/thumb_3899030_uploaded_image1_1664501471.jpg
Robe   enfant,,"Parcelle Assainies, Dakar, Sénégal",https://images.coinafrique.com/thumb_4686597_uploaded_image1_1712843301.jpg
Robes pour enfants,,"Parcelle Assainies, Dakar, Sénégal",https://images.coinafrique.com/thumb_4686597_uploaded_image1_1712843301.jpg
Robe  enfant,,"Parcelle Assainies, Dakar, Sénégal",https://images.coinafrique.com/thumb_4686597_uploaded_image1_1712843301.jpg
Vêtements enfant,,"Biscuiterie, Dakar, Sénégal",https://images.coinafrique.com/thumb_3198270_uploaded_image1_1625015464.jpg
Robe de princesse,,"Grand Yoff, Dakar, Sénégal",https://images.coinafrique.com/thumb_2377738_uploaded_image1_1593627059.jpg
Veste africaine,,"Biscuiterie, Dakar, Sénégal",https://images.coinafrique.com/thumb_2488144_uploaded_image1_1595852520.jpg
Ensemble enfant,,"Parcelle Assainies, Dakar, Sénégal",https://images.coinafrique.com/thumb_3899030_uploaded_image1_1664501471.jpg
Robe pour enfants,,"Parcelle Assainies, Dakar, Sénégal",https://images.coinafrique.com/thumb_4686597_uploaded_image1_1712843301.jpg
Ensembles enfant,,"Parcelle Assainies, Dakar, Sénégal",https://images.coinafrique.com/thumb_3899030_uploaded_image1_1664501471.jpg
Ensemble Enfants,,"Parcelle Assainies, Dakar, Sénégal",https://images.coinafrique.com/thumb_3899030_uploaded_image1_1664501471.jpg
Ensemble  bébé,,"Dakar, Sénégal",https://images.coinafrique.com/thumb_2732121_uploaded_image1_1604324288.jpg
Ensemble fille,,"Dakar, Sénégal",https://images.coinafrique.com/thumb_4623255_uploaded_image2_1709484828.jpeg
Ensemble short fille,,"Dakar, Sénégal",https://images.coinafrique.com/thumb_2538023_uploaded_image1_1597258278.jpg
Serviette de bains,,"Dakar, Sénégal",https://images.coinafrique.com/thumb_4861240_uploaded_image1_1721949203.jpg
Vêtements enfants,,"Biscuiterie, Dakar, Sénégal",https://images.coinafrique.com/thumb_3198270_uploaded_image1_1625015464.jpg
Ensemble pantalon court,,"Dakar, Sénégal",https://images.coinafrique.com/thumb_2492350_uploaded_image1_1595948379.jpg
Ensemble short jean,,"Dakar, Sénégal",https://images.coinafrique.com/thumb_2492364_uploaded_image1_1595948610.jpg
Slip enfants,,"Dakar, Sénégal",https://images.coinafrique.com/thumb_2527176_uploaded_image1_1596983400.jpg
Slip enfant,,"Dakar, Sénégal",https://images.coinafrique.com/thumb_2527176_uploaded_image1_1596983400.jpg
Caleçon enfant,,"Patte d'Oie, Dakar, Sénégal",https://images.coinafrique.com/thumb_3620389_uploaded_image3_1648043635.jpeg
Vêtement enfant,,"Ouakam, Dakar, Sénégal",https://images.coinafrique.com/thumb_3198270_uploaded_image1_1625015464.jpg
Vêtement enfant,,"Ouakam, Dakar, Sénégal",https://images.coinafrique.com/thumb_3198270_uploaded_image1_1625015464.jpg
Vêtements enfants,,"Ouakam, Dakar, Sénégal",https://images.coinafrique.com/thumb_3198270_uploaded_image1_1625015464.jpg
Vêtements enfants,,"Dakar, Sénégal",https://images.coinafrique.com/thumb_2512733_uploaded_image1_1596568364.jpg
Vêtements Enfant,,"Dakar, Sénégal",https://images.coinafrique.com/thumb_2512733_uploaded_image1_1596568364.jpg
Vêtements enfant,,"Dakar, Sénégal",https://images.coinafrique.com/thumb_2512733_uploaded_image1_1596568364.jpg
Pantalon Jean,,"Ngor, Dakar, Sénégal",https://images.coinafrique.com/thumb_4405127_uploaded_image1_1696582094.jpg
Chemise,,"Ouakam, Dakar, Sénégal",https://images.coinafrique.com/thumb_2576496_uploaded_image1_1598396141.jpg
Chaussettes,750.0,"Dakar, Sénégal",https://images.coinafrique.com/thumb_3546633_uploaded_image1_1643655713.jpg
Vêtements  enfants,,"Dakar, Sénégal",https://images.coinafrique.com/thumb_2512733_uploaded_image1_1596568364.jpg
Robe en wax,,"Ouakam, Dakar, Sénégal",https://images.coinafrique.com/thumb_2720039_uploaded_image1_1603744479.jpg
Vêtements enfant,,"Colobane, Dakar, Sénégal",https://images.coinafrique.com/thumb_3198270_uploaded_image1_1625015464.jpg
Vêtements enfants,,"Colobane, Dakar, Sénégal",https://images.coinafrique.com/thumb_3198270_uploaded_image1_1625015464.jpg
Ensemble enfant,,"Sicap Liberté, Dakar, Sénégal",https://images.coinafrique.com/thumb_3072113_uploaded_image1_1619012309.jpg
Robes enfants,,"HLM, Dakar, Sénégal",https://images.coinafrique.com/thumb_4223425_uploaded_image3_1684581867.jpeg
Vêtement enfants,,"Dakar, Sénégal",https://images.coinafrique.com/thumb_2512733_uploaded_image1_1596568364.jpg
Ensemble enfants,,"Dakar, Sénégal",https://images.coinafrique.com/thumb_5010301_uploaded_image1_1729811616.jpg
Vêtement enfants,,"Dakar Plateau, Dakar, Sénégal",https://images.coinafrique.com/thumb_3453271_uploaded_image1_1637794848.jpg
Short,,"Dakar Plateau, Dakar, Sénégal",https://images.coinafrique.com/thumb_2660422_uploaded_image1_1601431777.jpg
Culotte enfant,,"Dakar Plateau, Dakar, Sénégal",https://images.coinafrique.com/thumb_3447436_uploaded_image1_1637437824.jpg
Short Enfant,,"Dakar Plateau, Dakar, Sénégal",https://images.coinafrique.com/thumb_2660422_uploaded_image1_1601431777.jpg
Short enfant,,"Dakar Plateau, Dakar, Sénégal",https://images.coinafrique.com/thumb_2660422_uploaded_image1_1601431777.jpg
Vêtements enfants,,"Dakar, Sénégal",https://images.coinafrique.com/thumb_2512733_uploaded_image1_1596568364.jpg
Robe fillette,,"Rufisque, Sénégal",https://images.coinafrique.com/thumb_3086230_uploaded_image1_1619695571.jpg
Robe fillette,,"Dakar, Sénégal",https://images.coinafrique.com/thumb_2772900_uploaded_image1_1605786048.jpg
Robe fillette,,"Dakar, Sénégal",https://images.coinafrique.com/thumb_2772900_uploaded_image1_1605786048.jpg
Ensemble coton,,"Parcelle Assainies, Dakar, Sénégal",https://images.coinafrique.com/thumb_2693101_uploaded_image1_1602631694.jpg
Vêtement Enfants,,"HLM, Dakar, Sénégal",https://images.coinafrique.com/thumb_3198270_uploaded_image1_1625015464.jpg
Vêtement Enfants,,"HLM, Dakar, Sénégal",https://images.coinafrique.com/thumb_3198270_uploaded_image1_1625015464.jpg
Robe enfant,,"Cambérène, Dakar, Sénégal",https://images.coinafrique.com/thumb_2697206_uploaded_image1_1602775399.jpg
Robe enfant,,"Parcelle Assainies, Dakar, Sénégal",https://images.coinafrique.com/thumb_4686597_uploaded_image1_1712843301.jpg
Vêtements enfants,,"Dieuppeul-Derklé, Dakar, Sénégal",https://images.coinafrique.com/thumb_3198270_uploaded_image1_1625015464.jpg
Robe wax enfant,,"Yoff, Dakar, Sénégal",https://images.coinafrique.com/thumb_4342288_uploaded_image1_1692460517.jpg
Ensemble jogging,,"Dakar, Sénégal",https://images.coinafrique.com/thumb_1213530_uploaded_image1_1574057207.9.png
Vêtement Enfants,,"Mermoz-Sacré Coeur, Dakar, Sénégal",https://images.coinafrique.com/thumb_4667484_uploaded_image1_1711840999.jpg
Vêtements enfant,,"Sicap Liberté, Dakar, Sénégal",https://images.coinafrique.com/thumb_3384909_uploaded_image1_1634171727.jpg
Ensemble enfant coton 100%,,"Guediawaye, Dakar, Sénégal",https://images.coinafrique.com/thumb_2736363_uploaded_image1_1604448852.jpg
Ensemble enfant,,"Parcelle Assainies, Dakar, Sénégal",https://images.coinafrique.com/thumb_3899030_uploaded_image1_1664501471.jpg
Ensemble 5 pièces,,"HLM, Dakar, Sénégal",https://images.coinafrique.com/thumb_2742301_uploaded_image1_1604651637.jpg
Ensemble bébé,,"Grand Yoff, Dakar, Sénégal",https://images.coinafrique.com/thumb_2732121_uploaded_image1_1604324288.jpg
Vêtements enfant,,"Dakar, Sénégal",https://images.coinafrique.com/thumb_2512733_uploaded_image1_1596568364.jpg
Robe,,"Hann Bel-Air, Dakar, Sénégal",https://images.coinafrique.com/thumb_2190410_uploaded_image1_1590716786.jpg
Pantalon jeans enfant,,"HLM, Dakar, Sénégal",https://images.coinafrique.com/thumb_3017355_uploaded_image1_1616523288.jpg
Vêtement enfant,,"HLM, Dakar, Sénégal",https://images.coinafrique.com/thumb_3198270_uploaded_image1_1625015464.jpg
Robe pour fillette,,"Dakar, Sénégal",https://images.coinafrique.com/thumb_2772900_uploaded_image1_1605786048.jpg
Ensemble enfant,,"Dakar, Sénégal",https://images.coinafrique.com/thumb_5010301_uploaded_image1_1729811616.jpg
Ensemble enfant,,"Grand Yoff, Dakar, Sénégal",https://images.coinafrique.com/thumb_2808145_uploaded_image1_1607075247.jpg
Slip enfant,,"Les Parcelles Assainies, Dakar, Sénégal",https://images.coinafrique.com/thumb_2340835_uploaded_image1_1593021988.jpg
Blousons enfants,,"Dakar Plateau, Dakar, Sénégal",https://images.coinafrique.com/thumb_3444600_uploaded_image1_1637268880.jpg
Ensemble fillette,,"Dakar, Sénégal",https://images.coinafrique.com/thumb_2780230_uploaded_image1_1606073655.jpg
T-shirt fillette,,"Dakar, Sénégal",https://images.coinafrique.com/thumb_2486701_uploaded_image1_1595810301.jpg
Pantalon garçon,,"Dakar, Sénégal",https://images.coinafrique.com/thumb_2492355_uploaded_image1_1595948509.jpg
Habits enfants,,"Dakar, Sénégal",https://images.coinafrique.com/thumb_3785558_uploaded_image1_1657883008.jpg
Vêtements enfants,,"HLM, Dakar, Sénégal",https://images.coinafrique.com/thumb_3198270_uploaded_image1_1625015464.jpg
Ensemble 3 pièces  enfant,,"Dakar, Sénégal",https://images.coinafrique.com/thumb_3895855_uploaded_image1_1664312610.jpg
Tunique enfants,,"Saint Louis, Sénégal",https://images.coinafrique.com/thumb_3087733_uploaded_image1_1619763855.jpg
Ensemble bébé,,"HLM, Dakar, Sénégal",https://images.coinafrique.com/thumb_2743223_uploaded_image1_1604671783.jpg
Ensemble pour enfants,,"Dakar, Sénégal",https://images.coinafrique.com/thumb_5010301_uploaded_image1_1729811616.jpg
Joggings enfant,,"HLM, Dakar, Sénégal",https://images.coinafrique.com/thumb_2729083_uploaded_image1_1604195337.jpg
Ensemble bébé,,"HLM, Dakar, Sénégal",https://images.coinafrique.com/thumb_2743223_uploaded_image1_1604671783.jpg
Blouson enfant,,"Dakar Plateau, Dakar, Sénégal",https://images.coinafrique.com/thumb_3444600_uploaded_image1_1637268880.jpg
Ensemble bébé,,"Geule Tapée, Dakar, Sénégal",https://images.coinafrique.com/thumb_2743223_uploaded_image1_1604671783.jpg
Habits garçon,,"Mbour, Sénégal",https://images.coinafrique.com/thumb_2200124_uploaded_image1_1590854403.jpg
Ensemble bébé,,"Ouakam, Dakar, Sénégal",https://images.coinafrique.com/thumb_2732121_uploaded_image1_1604324288.jpg
Blousons  enfant,,"Dakar, Sénégal",https://images.coinafrique.com/thumb_1393205_uploaded_image1_1577378467.25.png
Ensemble enfant,,"Dieuppeul-Derklé, Dakar, Sénégal",https://images.coinafrique.com/thumb_2981375_uploaded_image1_1614732549.jpg
Vêtements enfants,,"Parcelle Assainies, Dakar, Sénégal",https://images.coinafrique.com/thumb_3384909_uploaded_image1_1634171727.jpg
Ensemble blouson-pantalon,,"Dieuppeul-Derklé, Dakar, Sénégal",https://images.coinafrique.com/thumb_2855622_uploaded_image1_1609119638.jpg
Tenues mardi gras,,"Mbour, Sénégal",https://images.coinafrique.com/thumb_2904713_uploaded_image1_1611250923.jpg
Tenue mardi gras,,"Saly, Sénégal",https://images.coinafrique.com/thumb_2862982_uploaded_image1_1609530664.jpg
Tenue mardi gras,,"Saly, Sénégal",https://images.coinafrique.com/thumb_2862982_uploaded_image1_1609530664.jpg
Tenue mardi gras,,"Saly, Sénégal",https://images.coinafrique.com/thumb_2862982_uploaded_image1_1609530664.jpg
Habits de friperie,,"Yoff, Dakar, Sénégal",https://images.coinafrique.com/thumb_2784428_uploaded_image1_1606228889.jpg
Ensembles blousons,,"Dieuppeul-Derklé, Dakar, Sénégal",https://images.coinafrique.com/thumb_2981375_uploaded_image1_1614732549.jpg
Ensemble de fille nouveau né,,"Grand Yoff, Dakar, Sénégal",https://images.coinafrique.com/thumb_2879903_uploaded_image1_1610201519.jpg
Ensemble de fille,,"Grand Yoff, Dakar, Sénégal",https://images.coinafrique.com/thumb_2879908_uploaded_image1_1610201702.jpg
Ensemble veste,,"HLM, Dakar, Sénégal",https://images.coinafrique.com/thumb_5010327_uploaded_image1_1729813849.jpg
Pull,,"Dakar, Sénégal",https://images.coinafrique.com/thumb_2898864_uploaded_image1_1611023219.jpg
Tenue mardi gras,,"Saly, Sénégal",https://images.coinafrique.com/thumb_2862996_uploaded_image1_1609531083.jpg
Vêtement enfant,,"Dakar, Sénégal",https://images.coinafrique.com/thumb_2512733_uploaded_image1_1596568364.jpg
Vêtement enfant,,"Dakar, Sénégal",https://images.coinafrique.com/thumb_2512733_uploaded_image1_1596568364.jpg
Vêtements enfants,,"Dakar, Sénégal",https://images.coinafrique.com/thumb_2512733_uploaded_image1_1596568364.jpg
Vêtement enfants,,"Colobane, Dakar, Sénégal",https://images.coinafrique.com/thumb_3198270_uploaded_image1_1625015464.jpg
Vêtement enfants,,"Colobane, Dakar, Sénégal",https://images.coinafrique.com/thumb_3198270_uploaded_image1_1625015464.jpg
Vêtement enfant,,"Colobane, Dakar, Sénégal",https://images.coinafrique.com/thumb_3198270_uploaded_image1_1625015464.jpg
Friperie enfants,,"Colobane, Dakar, Sénégal",https://images.coinafrique.com/thumb_3638113_uploaded_image1_1649106100.jpg
Vêtement enfant,,"Colobane, Dakar, Sénégal",https://images.coinafrique.com/thumb_3198270_uploaded_image1_1625015464.jpg
Habits enfants,,"Dakar, Sénégal",https://images.coinafrique.com/thumb_3785558_uploaded_image1_1657883008.jpg
Ensemble enfants,,"Dieuppeul-Derklé, Dakar, Sénégal",https://images.coinafrique.com/thumb_2981375_uploaded_image1_1614732549.jpg
Robe pour filles,,"Dakar, Sénégal",https://images.coinafrique.com/thumb_4677506_uploaded_image1_1712318751.jpg
Ensemble enfant,,"HLM, Dakar, Sénégal",https://images.coinafrique.com/thumb_4042132_uploaded_image1_1673293667.jpg
Caleçon enfant,,"Fass, Dakar, Sénégal",https://images.coinafrique.com/thumb_2434001_uploaded_image1_1594646583.jpg
Robes filles,,"Parcelle Assainies, Dakar, Sénégal",https://images.coinafrique.com/thumb_3480133_uploaded_image1_1639253211.jpg
Ensemble maillots enfants,,"Dieuppeul-Derklé, Dakar, Sénégal",https://images.coinafrique.com/thumb_1803131_uploaded_image1_1584378734.55.png
Pantalon jeans friperie,,"Colobane, Dakar, Sénégal",https://images.coinafrique.com/thumb_3012391_uploaded_image1_1616265553.jpg
Vêtements enfant,,"Mermoz-Sacré Coeur, Dakar, Sénégal",https://images.coinafrique.com/thumb_4667484_uploaded_image1_1711840999.jpg
Pantalon jeans enfants,,"Colobane, Dakar, Sénégal",https://images.coinafrique.com/thumb_3012395_uploaded_image1_1616265641.jpg
Ensemble chemise - pantalon enfant,,"Colobane, Dakar, Sénégal",https://images.coinafrique.com/thumb_3017358_uploaded_image1_1616523355.jpg
Ensemble pour bébé,,"HLM, Dakar, Sénégal",https://images.coinafrique.com/thumb_2743223_uploaded_image1_1604671783.jpg
Ensemble bébé,,"HLM, Dakar, Sénégal",https://images.coinafrique.com/thumb_2743223_uploaded_image1_1604671783.jpg
Robe fille,,"HLM, Dakar, Sénégal",https://images.coinafrique.com/thumb_3032229_uploaded_image1_1617269385.jpg
Ensemble enfant,,"Ouakam, Dakar, Sénégal",https://images.coinafrique.com/thumb_3654415_uploaded_image1_1649975242.jpg
Barboteuse,,"Ouakam, Dakar, Sénégal",https://images.coinafrique.com/thumb_3874861_uploaded_image1_1662992831.jpg
Ensemble blouson enfant,,"Parcelle Assainies, Dakar, Sénégal",https://images.coinafrique.com/thumb_3053772_uploaded_image1_1618187520.jpg
Ensemble bébé,,"HLM, Dakar, Sénégal",https://images.coinafrique.com/thumb_2743223_uploaded_image1_1604671783.jpg
Ensemble enfant,,"Ouakam, Dakar, Sénégal",https://images.coinafrique.com/thumb_3654415_uploaded_image1_1649975242.jpg
Ensembles enfant + chapeau,,"Ouakam, Dakar, Sénégal",https://images.coinafrique.com/thumb_3990865_uploaded_image1_1670005692.jpg
Body enfant,500.0,"Ouakam, Dakar, Sénégal",https://images.coinafrique.com/thumb_3037697_uploaded_image1_1617454125.jpg
Ensemble enfant,,"Mermoz-Sacré Coeur, Dakar, Sénégal",https://images.coinafrique.com/thumb_3848809_uploaded_image1_1661581124.jpg
Vêtements enfants,,"Mermoz-Sacré Coeur, Dakar, Sénégal",https://images.coinafrique.com/thumb_4667484_uploaded_image1_1711840999.jpg
Ensemble enfants,,"Mermoz-Sacré Coeur, Dakar, Sénégal",https://images.coinafrique.com/thumb_3848809_uploaded_image1_1661581124.jpg
Vêtements enfants,,"Ouakam, Dakar, Sénégal",https://images.coinafrique.com/thumb_3198270_uploaded_image1_1625015464.jpg
Vêtements enfants,500.0,"Ouakam, Dakar, Sénégal",https://images.coinafrique.com/thumb_3198270_uploaded_image1_1625015464.jpg
T-shirt enfant,,"Dakar, Sénégal",https://images.coinafrique.com/thumb_2584569_uploaded_image1_1598712873.jpg
Ensemble blouson enfant,,"Dieuppeul-Derklé, Dakar, Sénégal",https://images.coinafrique.com/thumb_2981375_uploaded_image1_1614732549.jpg
T-shirt enfant,,"Colobane, Dakar, Sénégal",https://images.coinafrique.com/thumb_2133600_uploaded_image1_1589810793.jpg
Robe enfant,,"Colobane, Dakar, Sénégal",https://images.coinafrique.com/thumb_3174224_uploaded_image1_1623782622.jpg
Robe enfant,,"Colobane, Dakar, Sénégal",https://images.coinafrique.com/thumb_3174224_uploaded_image1_1623782622.jpg
Pantalon enfant,,"Colobane, Dakar, Sénégal",https://images.coinafrique.com/thumb_3174199_uploaded_image2_1623782190.jpeg
Vêtements enfants,,"Colobane, Dakar, Sénégal",https://images.coinafrique.com/thumb_3198270_uploaded_image1_1625015464.jpg
Pantalon enfant,,"Colobane, Dakar, Sénégal",https://images.coinafrique.com/thumb_3174199_uploaded_image2_1623782190.jpeg
Lacoste enfant,,"Dakar, Sénégal",https://images.coinafrique.com/thumb_3057300_uploaded_image1_1618332021.jpg
Ensemble bébé,,"HLM, Dakar, Sénégal",https://images.coinafrique.com/thumb_2743223_uploaded_image1_1604671783.jpg
Ensemble enfant,,"HLM, Dakar, Sénégal",https://images.coinafrique.com/thumb_4042132_uploaded_image1_1673293667.jpg
Vêtements enfant,,"Parcelle Assainies, Dakar, Sénégal",https://images.coinafrique.com/thumb_3384909_uploaded_image1_1634171727.jpg
Ensemble fille,,"Sicap Liberté, Dakar, Sénégal",https://images.coinafrique.com/thumb_3072126_uploaded_image1_1619012521.jpg
Boxer enfant,,"Parcelle Assainies, Dakar, Sénégal",https://images.coinafrique.com/thumb_3077069_uploaded_image1_1619214743.jpg
Vêtements enfants,,"Rufisque, Sénégal",https://images.coinafrique.com/thumb_2512733_uploaded_image1_1596568364.jpg
Ensemble enfants,,"Dakar, Sénégal",https://images.coinafrique.com/thumb_5010301_uploaded_image1_1729811616.jpg
Chemise enfant,,"Colobane, Dakar, Sénégal",https://images.coinafrique.com/thumb_3086775_uploaded_image1_1619710616.jpg
Pantalons jeans enfants,,"Dakar, Sénégal",https://images.coinafrique.com/thumb_3091181_uploaded_image1_1619912235.jpg
Vêtements Enfants,,"Dakar, Sénégal",https://images.coinafrique.com/thumb_2512733_uploaded_image1_1596568364.jpg
Robes enfant,,"Dakar Plateau, Dakar, Sénégal",https://images.coinafrique.com/thumb_3125619_uploaded_image1_1621534794.jpg
Polo Enfant,,"Dakar, Sénégal",https://images.coinafrique.com/thumb_3883008_uploaded_image1_1663536149.jpg
Vêtements Enfants,,"Dakar, Sénégal",https://images.coinafrique.com/thumb_2512733_uploaded_image1_1596568364.jpg
Robe enfant,,"Dakar, Sénégal",https://images.coinafrique.com/thumb_4677506_uploaded_image1_1712318751.jpg
Bazin riche avec broderie,,"Yoff, Dakar, Sénégal",https://images.coinafrique.com/thumb_3110386_uploaded_image1_1620737846.jpg
Robe bazin riche brodé fait main,,"Biscuiterie, Dakar, Sénégal",https://images.coinafrique.com/thumb_3110145_uploaded_image1_1620730955.jpg
Robe princesse,,"Almadies, Dakar, Sénégal",https://images.coinafrique.com/thumb_5052757_uploaded_image1_1732092639.jpg
Robe,,"Biscuiterie, Dakar, Sénégal",https://images.coinafrique.com/thumb_3663325_uploaded_image1_1650536012.jpg
Robe enfant,,"Guediawaye, Dakar, Sénégal",https://images.coinafrique.com/thumb_2717833_uploaded_image1_1603653386.jpg
Robe pour enfants,,"Dieuppeul-Derklé, Dakar, Sénégal",https://images.coinafrique.com/thumb_3601827_uploaded_image1_1646873978.jpg
Robes enfants,,"Dakar Plateau, Dakar, Sénégal",https://images.coinafrique.com/thumb_3125619_uploaded_image1_1621534794.jpg
Chemises garçon,,"Dakar Plateau, Dakar, Sénégal",https://images.coinafrique.com/thumb_2580779_uploaded_image1_1598550877.jpg
Ensemble  pour garçon,,"HLM, Dakar, Sénégal",https://images.coinafrique.com/thumb_2469036_uploaded_image1_1595412627.jpg
Vêtement enfant,,"Colobane, Dakar, Sénégal",https://images.coinafrique.com/thumb_3198270_uploaded_image1_1625015464.jpg
Vêtements enfants,,"Colobane, Dakar, Sénégal",https://images.coinafrique.com/thumb_3198270_uploaded_image1_1625015464.jpg
Robe  enfant,,"Mbao, Dakar, Sénégal",https://images.coinafrique.com/thumb_766924_uploaded_image1_1563733037.86.png
Vêtement enfant,,"Toubab Dialao, Sénégal",https://images.coinafrique.com/thumb_3453271_uploaded_image1_1637794848.jpg
Vêtements enfants,,"Dakar, Sénégal",https://images.coinafrique.com/thumb_4931868_uploaded_image1_1725656850.jpg
Robe fillette,,"Cambérène, Dakar, Sénégal",https://images.coinafrique.com/thumb_3178371_uploaded_image1_1623973004.jpg
Jeans de friperie,,"Colobane, Dakar, Sénégal",https://images.coinafrique.com/thumb_3365566_uploaded_image1_1633264236.jpg
Jeans friperie enfants,,"Colobane, Dakar, Sénégal",https://images.coinafrique.com/thumb_3365566_uploaded_image1_1633264236.jpg
Ensemble enfants,,"Colobane, Dakar, Sénégal",https://images.coinafrique.com/thumb_3638104_uploaded_image1_1649105955.jpg
Robe de friperie - enfants,,"Colobane, Dakar, Sénégal",https://images.coinafrique.com/thumb_3174224_uploaded_image1_1623782622.jpg
Robe de friperie enfants,,"Colobane, Dakar, Sénégal",https://images.coinafrique.com/thumb_3174224_uploaded_image1_1623782622.jpg
Robes de friperie enfants,,"Colobane, Dakar, Sénégal",https://images.coinafrique.com/thumb_3174224_uploaded_image1_1623782622.jpg
Jeans de friperie enfant,,"Colobane, Dakar, Sénégal",https://images.coinafrique.com/thumb_3365566_uploaded_image1_1633264236.jpg
Robe pour fillette,,"Parcelle Assainies, Dakar, Sénégal",https://images.coinafrique.com/thumb_3172225_uploaded_image1_1623704262.jpg
T-shirt enfant,,"Grand Yoff, Dakar, Sénégal",https://images.coinafrique.com/thumb_2735012_uploaded_image1_1604415011.jpg
Boubou enfant,,"Ziguinchor, Sénégal",https://images.coinafrique.com/thumb_3087733_uploaded_image1_1619763855.jpg
Vêtement enfant,,"Ziguinchor, Sénégal",https://images.coinafrique.com/thumb_3453271_uploaded_image1_1637794848.jpg
Djellaba enfant,,"Grand Yoff, Dakar, Sénégal",https://images.coinafrique.com/thumb_4676613_uploaded_image1_1712271072.jpg
Ensemble short fille,,"Grand Yoff, Dakar, Sénégal",https://images.coinafrique.com/thumb_4402991_uploaded_image1_1696452237.jpg
Maillot de bain enfant,,"Grand Yoff, Dakar, Sénégal",https://images.coinafrique.com/thumb_1118621_uploaded_image1_1573389584.27.png
Robe enfant,,"Ngor, Dakar, Sénégal",https://images.coinafrique.com/thumb_3292897_uploaded_image1_1629649247.jpg
Robes enfant,,"HLM, Dakar, Sénégal",https://images.coinafrique.com/thumb_4223425_uploaded_image3_1684581867.jpeg
Ensemble 3 pièces garçons,,"Dakar, Sénégal",https://images.coinafrique.com/thumb_3288163_uploaded_image1_1629374065.jpg
Ensemble 3 pièces garçon,,"Dakar, Sénégal",https://images.coinafrique.com/thumb_3288163_uploaded_image1_1629374065.jpg
Robes fille,,"Dakar, Sénégal",https://images.coinafrique.com/thumb_4677506_uploaded_image1_1712318751.jpg
Robe fille,,"Dakar, Sénégal",https://images.coinafrique.com/thumb_4677506_uploaded_image1_1712318751.jpg
Robe wax enfant,,"Ngor, Dakar, Sénégal",https://images.coinafrique.com/thumb_3292897_uploaded_image1_1629649247.jpg
Robe enfant,,"Sicap Liberté, Dakar, Sénégal",https://images.coinafrique.com/thumb_2781742_uploaded_image1_1606140092.jpg
Robes,,"Grand Yoff, Dakar, Sénégal",https://images.coinafrique.com/thumb_4667140_uploaded_image1_1711815203.jpg
Ensemble costume garçon,,"Dakar, Sénégal",https://images.coinafrique.com/thumb_3312379_uploaded_image1_1630601374.jpg
Ensemble   garçon,,"Dakar, Sénégal",https://images.coinafrique.com/thumb_4709506_uploaded_image1_1713995931.jpg
Ensemble garçon,,"Dakar, Sénégal",https://images.coinafrique.com/thumb_4709506_uploaded_image1_1713995931.jpg
Ensemble garçon,,"Dakar, Sénégal",https://images.coinafrique.com/thumb_4709506_uploaded_image1_1713995931.jpg
Hijab  enfant,,"Sicap Liberté, Dakar, Sénégal",https://images.coinafrique.com/thumb_4280858_uploaded_image1_1688492406.jpg
Pantalon enfant,,"Mermoz-Sacré Coeur, Dakar, Sénégal",https://images.coinafrique.com/thumb_3460818_uploaded_image1_1638313368.jpg
Vêtements enfant,,"Mermoz-Sacré Coeur, Dakar, Sénégal",https://images.coinafrique.com/thumb_4667484_uploaded_image1_1711840999.jpg
Tee-shirt enfant,,"Tambacounda, Sénégal",https://images.coinafrique.com/thumb_2735012_uploaded_image1_1604415011.jpg
Vêtements enfants,,"HLM, Dakar, Sénégal",https://images.coinafrique.com/thumb_3198270_uploaded_image1_1625015464.jpg
Robe de princesse,,"Patte d'oie, Dakar, Sénégal",https://images.coinafrique.com/thumb_3410760_uploaded_image1_1635583935.jpg
Robes enfant,,"Grand Yoff, Dakar, Sénégal",https://images.coinafrique.com/thumb_4667140_uploaded_image1_1711815203.jpg
Ensemble garçon,,"Grand Yoff, Dakar, Sénégal",https://images.coinafrique.com/thumb_777756_uploaded_image1_1563987300.49.png
Robe de princesse,,"Patte d'oie, Dakar, Sénégal",https://images.coinafrique.com/thumb_3410760_uploaded_image1_1635583935.jpg
Bonnets écharpes enfants,,"Sicap Liberté, Dakar, Sénégal",https://images.coinafrique.com/thumb_3415284_uploaded_image1_1635821557.jpg
Bonnets écharpes pour enfants,,"Sicap Liberté, Dakar, Sénégal",https://images.coinafrique.com/thumb_3415284_uploaded_image1_1635821557.jpg
Ensemble enfant,,"Dakar, Sénégal",https://images.coinafrique.com/thumb_5010301_uploaded_image1_1729811616.jpg
Blouson enfant,,"Dakar Plateau, Dakar, Sénégal",https://images.coinafrique.com/thumb_3444600_uploaded_image1_1637268880.jpg
Slip  enfant,,"Dakar, Sénégal",https://images.coinafrique.com/thumb_2527176_uploaded_image1_1596983400.jpg
Robe de cérémonie,,"Patte d'oie, Dakar, Sénégal",https://images.coinafrique.com/thumb_4910319_uploaded_image1_1724580054.jpg
Robe fille,,"Dakar, Sénégal",https://images.coinafrique.com/thumb_4677506_uploaded_image1_1712318751.jpg
Ensemble enfants,,"Guediawaye, Dakar, Sénégal",https://images.coinafrique.com/thumb_3470013_uploaded_image1_1638728238.jpg
Robe fille,,"Grand Yoff, Dakar, Sénégal",https://images.coinafrique.com/thumb_2735012_uploaded_image1_1604415011.jpg
Ensemble  enfant,,"HLM, Dakar, Sénégal",https://images.coinafrique.com/thumb_4042132_uploaded_image1_1673293667.jpg
Ensembles enfant,,"HLM, Dakar, Sénégal",https://images.coinafrique.com/thumb_4042132_uploaded_image1_1673293667.jpg
Vêtements enfant,,"Mermoz-Sacré Coeur, Dakar, Sénégal",https://images.coinafrique.com/thumb_4667484_uploaded_image1_1711840999.jpg
Collant enfant,,"Sicap Liberté, Dakar, Sénégal",https://images.coinafrique.com/thumb_3488219_uploaded_image1_1639747204.jpg
Jeans enfants,,"Patte d'oie, Dakar, Sénégal",https://images.coinafrique.com/thumb_1016980_uploaded_image1_1570069353.16.png
Robe princesse,,"Patte d'oie, Dakar, Sénégal",https://images.coinafrique.com/thumb_3410760_uploaded_image1_1635583935.jpg
Ensemble garçon,,"Guediawaye, Dakar, Sénégal",https://images.coinafrique.com/thumb_3088972_uploaded_image1_1619825459.jpg
Caleçons boxers enfants,,"Parcelle Assainies, Dakar, Sénégal",https://images.coinafrique.com/thumb_3250923_uploaded_image1_1627575838.jpg
Boxer fille,,"Parcelle Assainies, Dakar, Sénégal",https://images.coinafrique.com/thumb_1738625_uploaded_image1_1583250075.0.png
Robe,,"Patte d'oie, Dakar, Sénégal",https://images.coinafrique.com/thumb_3534701_uploaded_image1_1642807591.jpg
Robe enfant,,"Patte d'oie, Dakar, Sénégal",https://images.coinafrique.com/thumb_3462842_uploaded_image1_1638387220.jpg
Vêtement enfant,,"Guediawaye, Dakar, Sénégal",https://images.coinafrique.com/thumb_3198270_uploaded_image1_1625015464.jpg
Ensemble fillette,,"Guediawaye, Dakar, Sénégal",https://images.coinafrique.com/thumb_2780240_uploaded_image1_1606073743.jpg
Ensemble pour bébé,,"Keur Massar, Sénégal",https://images.coinafrique.com/thumb_2851844_uploaded_image1_1608894466.jpg
Vêtement enfant,,"Mermoz-Sacré Coeur, Dakar, Sénégal",https://images.coinafrique.com/thumb_4667484_uploaded_image1_1711840999.jpg
Abaya,,"Dakar, Sénégal",https://images.coinafrique.com/thumb_725848_uploaded_image1_1562624169.32.png
Peignoirs enfants,,"Dakar Plateau, Dakar, Sénégal",https://images.coinafrique.com/thumb_3781038_uploaded_image1_1657571200.jpg
Maillot enfant,,"Dieuppeul-Derklé, Dakar, Sénégal",https://images.coinafrique.com/thumb_3954905_uploaded_image1_1667839511.jpg
Ensemble Veste enfant,,"Dakar, Sénégal",https://images.coinafrique.com/thumb_4479762_uploaded_image1_1701402947.jpg
Vêtements enfants,,"Colobane, Dakar, Sénégal",https://images.coinafrique.com/thumb_3198270_uploaded_image1_1625015464.jpg
Habits enfants,,"Dieuppeul-Derklé, Dakar, Sénégal",https://images.coinafrique.com/thumb_2251207_uploaded_image1_1591658924.jpg
Ensemble enfant,,"Parcelle Assainies, Dakar, Sénégal",https://images.coinafrique.com/thumb_3899030_uploaded_image1_1664501471.jpg
Vêtement enfant,,"Sicap Liberté, Dakar, Sénégal",https://images.coinafrique.com/thumb_3384909_uploaded_image1_1634171727.jpg
Maillots de football enfant,,"Colobane, Dakar, Sénégal",https://images.coinafrique.com/thumb_3566348_uploaded_image3_1644775694.jpeg
Robe enfant,,"Ouakam, Dakar, Sénégal",https://images.coinafrique.com/thumb_3752164_uploaded_image1_1655824806.jpg
Maillots sénégal enfants,,"Dakar Plateau, Dakar, Sénégal",https://images.coinafrique.com/thumb_3633429_uploaded_image1_1648859214.jpg
Maillot Sénégal enfants,,"Dieuppeul-Derklé, Dakar, Sénégal",https://images.coinafrique.com/thumb_3991237_uploaded_image1_1670029654.jpg
Robe enfant,,"HLM, Dakar, Sénégal",https://images.coinafrique.com/thumb_4223425_uploaded_image3_1684581867.jpeg
Combinaison enfant,,"Colobane, Dakar, Sénégal",https://images.coinafrique.com/thumb_3420805_uploaded_image1_1636035011.jpg
Boubou enfant - 3 pièces,,"Ouakam, Dakar, Sénégal",https://images.coinafrique.com/thumb_3638243_uploaded_image1_1649111803.jpg
Slips fille,,"Parcelle Assainies, Dakar, Sénégal",https://images.coinafrique.com/thumb_2527176_uploaded_image1_1596983400.jpg
Maillots enfant,,"Dakar, Sénégal",https://images.coinafrique.com/thumb_3643824_uploaded_image1_1649366012.jpg
Boubou enfant 3 pièces,,"Ouakam, Dakar, Sénégal",https://images.coinafrique.com/thumb_3638243_uploaded_image1_1649111803.jpg
Ensemble enfant,,"Dakar, Sénégal",https://images.coinafrique.com/thumb_5010301_uploaded_image1_1729811616.jpg
Boubou fille,,"Ouakam, Dakar, Sénégal",https://images.coinafrique.com/thumb_3646258_uploaded_image1_1649515617.jpg
Boubou fille,,"Ouakam, Dakar, Sénégal",https://images.coinafrique.com/thumb_3646258_uploaded_image1_1649515617.jpg
Ensemble 3 pièces enfant,,"Ouakam, Dakar, Sénégal",https://images.coinafrique.com/thumb_2961090_uploaded_image1_1613766742.jpg
Robe fille,,"Biscuiterie, Dakar, Sénégal",https://images.coinafrique.com/thumb_4775884_uploaded_image1_1717367280.jpg
Jeans enfant,,"Dakar, Sénégal",https://images.coinafrique.com/thumb_3785562_uploaded_image1_1657883147.jpg
Habits enfant,,"Dakar, Sénégal",https://images.coinafrique.com/thumb_3785558_uploaded_image1_1657883008.jpg
Ensemble enfant,,"Dakar, Sénégal",https://images.coinafrique.com/thumb_5010301_uploaded_image1_1729811616.jpg
Robes enfant,,"Rufisque, Sénégal",https://images.coinafrique.com/thumb_2850857_uploaded_image1_1608821060.jpg
Robe enfant,,"Biscuiterie, Dakar, Sénégal",https://images.coinafrique.com/thumb_3663325_uploaded_image1_1650536012.jpg
Ensemble Short enfant,,"Dakar, Sénégal",https://images.coinafrique.com/thumb_3661238_uploaded_image1_1650409347.jpg
Djellaba enfant,,"Grand Dakar, Dakar, Sénégal",https://images.coinafrique.com/thumb_2433735_uploaded_image1_1594643576.jpg
Ensemble enfant,,"HLM, Dakar, Sénégal",https://images.coinafrique.com/thumb_4042132_uploaded_image1_1673293667.jpg
Robe enfant princesse,,"Dakar, Sénégal",https://images.coinafrique.com/thumb_3664445_uploaded_image2_1650586926.jpeg
Robe princesse fille,,"Rufisque, Sénégal",https://images.coinafrique.com/thumb_1174277_uploaded_image1_1573245424.6.png
Robe enfant,,"Guediawaye, Dakar, Sénégal",https://images.coinafrique.com/thumb_3761395_uploaded_image3_1656377774.jpeg
Ensemble enfants,,"Dakar, Sénégal",https://images.coinafrique.com/thumb_5010301_uploaded_image1_1729811616.jpg
Robes enfants,,"HLM, Dakar, Sénégal",https://images.coinafrique.com/thumb_4223425_uploaded_image3_1684581867.jpeg
Ensemble enfants,,"Dakar, Sénégal",https://images.coinafrique.com/thumb_5010301_uploaded_image1_1729811616.jpg
Pulls enfants,,"Hann Bel-Air, Dakar, Sénégal",https://images.coinafrique.com/thumb_3941399_uploaded_image1_1667092572.jpg
Vêtements enfants,,"Hann Bel-Air, Dakar, Sénégal",https://images.coinafrique.com/thumb_3198270_uploaded_image1_1625015464.jpg
Caleçon enfant,,"Colobane, Dakar, Sénégal",https://images.coinafrique.com/thumb_2970911_uploaded_image1_1614259523.jpg
Pantalon enfant,,"Dakar, Sénégal",https://images.coinafrique.com/thumb_4405127_uploaded_image1_1696582094.jpg
Ensemble femme,,"Ouakam, Dakar, Sénégal",https://images.coinafrique.com/thumb_2841444_uploaded_image1_1608391212.jpg
Ensemble jupe + taille basse,,"Ouakam, Dakar, Sénégal",https://images.coinafrique.com/thumb_3737301_uploaded_image1_1654947992.jpg
Ensemble enfants,,"Dakar, Sénégal",https://images.coinafrique.com/thumb_5010301_uploaded_image1_1729811616.jpg
Robes enfants,,"Biscuiterie, Dakar, Sénégal",https://images.coinafrique.com/thumb_3663325_uploaded_image1_1650536012.jpg
Peignoirs enfants,,"Dakar Plateau, Dakar, Sénégal",https://images.coinafrique.com/thumb_3781038_uploaded_image1_1657571200.jpg
Robes enfant,,"Dakar, Sénégal",https://images.coinafrique.com/thumb_4677506_uploaded_image1_1712318751.jpg
Vêtement enfant,,"Dakar, Sénégal",https://images.coinafrique.com/thumb_2512733_uploaded_image1_1596568364.jpg
Robe enfant,,"Dakar, Sénégal",https://images.coinafrique.com/thumb_4677506_uploaded_image1_1712318751.jpg
Maillots Sénégal  enfant,,"Dieuppeul-Derklé, Dakar, Sénégal",https://images.coinafrique.com/thumb_3954905_uploaded_image1_1667839511.jpg
Habits enfants,,"Dakar, Sénégal",https://images.coinafrique.com/thumb_3785558_uploaded_image1_1657883008.jpg
Vêtements enfants,,"Dakar, Sénégal",https://images.coinafrique.com/thumb_2512733_uploaded_image1_1596568364.jpg
Jeans enfants,,"Dakar, Sénégal",https://images.coinafrique.com/thumb_3785562_uploaded_image1_1657883147.jpg
Robe petite fille,,"Dakar, Sénégal",https://images.coinafrique.com/thumb_3785563_uploaded_image1_1657883218.jpg
Barboteuse,,"Dakar, Sénégal",https://images.coinafrique.com/thumb_3813274_uploaded_image1_1659542533.jpg
Ensemble bandeaux chaussettes,,"Dakar, Sénégal",https://images.coinafrique.com/thumb_3546633_uploaded_image1_1643655713.jpg
Vêtements enfant,,"Dakar, Sénégal",https://images.coinafrique.com/thumb_2512733_uploaded_image1_1596568364.jpg
Ensemble enfants,,"Dakar, Sénégal",https://images.coinafrique.com/thumb_5010301_uploaded_image1_1729811616.jpg
Ensemble enfants,,"Dakar, Sénégal",https://images.coinafrique.com/thumb_5010301_uploaded_image1_1729811616.jpg
Vêtements enfant,,"Dakar, Sénégal",https://images.coinafrique.com/thumb_2512733_uploaded_image1_1596568364.jpg
Pantalon,,"Dakar, Sénégal",https://images.coinafrique.com/thumb_4405127_uploaded_image1_1696582094.jpg
Barboteuse,,"Dakar, Sénégal",https://images.coinafrique.com/thumb_3813274_uploaded_image1_1659542533.jpg
Ensemble  3 pièces enfants,,"Dakar, Sénégal",https://images.coinafrique.com/thumb_3895855_uploaded_image1_1664312610.jpg
Ensemble enfants,,"Parcelle Assainies, Dakar, Sénégal",https://images.coinafrique.com/thumb_3899030_uploaded_image1_1664501471.jpg
Ensembles enfants,,"Parcelle Assainies, Dakar, Sénégal",https://images.coinafrique.com/thumb_3899030_uploaded_image1_1664501471.jpg
Polos enfants,,"Dakar, Sénégal",https://images.coinafrique.com/thumb_3883008_uploaded_image1_1663536149.jpg
Vêtements enfant,,"Medina, Dakar, Sénégal",https://images.coinafrique.com/thumb_4667484_uploaded_image1_1711840999.jpg
Robes  enfant,,"Medina, Dakar, Sénégal",https://images.coinafrique.com/thumb_3919617_uploaded_image1_1665702485.jpg
Polo pour enfants,,"Dakar, Sénégal",https://images.coinafrique.com/thumb_3883008_uploaded_image1_1663536149.jpg
Ensemble enfants,,"Dakar, Sénégal",https://images.coinafrique.com/thumb_5010301_uploaded_image1_1729811616.jpg
Maillots Sénégal enfant,,"Dieuppeul-Derklé, Dakar, Sénégal",https://images.coinafrique.com/thumb_3954905_uploaded_image1_1667839511.jpg
Costume garçon,,"Dakar, Sénégal",https://images.coinafrique.com/thumb_3990863_uploaded_image1_1670005513.jpg
Costume garçon,,"Dakar, Sénégal",https://images.coinafrique.com/thumb_3990863_uploaded_image1_1670005513.jpg
Ensemble Robe enfants,,"Dakar, Sénégal",https://images.coinafrique.com/thumb_3648076_uploaded_image1_1649645654.jpg
Maillots Sénégal enfants,,"Dieuppeul-Derklé, Dakar, Sénégal",https://images.coinafrique.com/thumb_3954905_uploaded_image1_1667839511.jpg
Ensemble enfant friperie,,"Colobane, Dakar, Sénégal",https://images.coinafrique.com/thumb_4000087_uploaded_image1_1670513612.jpg
Ensemble enfant,,"Dakar Plateau, Dakar, Sénégal",https://images.coinafrique.com/thumb_4512928_uploaded_image1_1703449636.jpg
Habits enfants,,"Bambey, Sénégal",https://images.coinafrique.com/thumb_3163009_uploaded_image1_1623254458.jpg
Ensemble en velours,,"Colobane, Dakar, Sénégal",https://images.coinafrique.com/thumb_3980114_uploaded_image1_1669389815.jpg
Ensemble enfant,,"Dakar Plateau, Dakar, Sénégal",https://images.coinafrique.com/thumb_4512928_uploaded_image1_1703449636.jpg
Ensemble enfants,,"Dakar Plateau, Dakar, Sénégal",https://images.coinafrique.com/thumb_4512928_uploaded_image1_1703449636.jpg
Ensemble enfants,,"Thies, Sénégal",https://images.coinafrique.com/thumb_1910234_uploaded_image1_1586298807.14.png
Vêtements enfants,,"Almadies, Dakar, Sénégal",https://images.coinafrique.com/thumb_3198270_uploaded_image1_1625015464.jpg
Vêtements  enfant,,"Almadies, Dakar, Sénégal",https://images.coinafrique.com/thumb_3198270_uploaded_image1_1625015464.jpg
Ensemble enfants,,"Dakar Plateau, Dakar, Sénégal",https://images.coinafrique.com/thumb_4512928_uploaded_image1_1703449636.jpg
Vêtements enfants,,"Colobane, Dakar, Sénégal",https://images.coinafrique.com/thumb_4645364_uploaded_image1_1710623336.jpg
Vêtements enfant,,"Colobane, Dakar, Sénégal",https://images.coinafrique.com/thumb_4645364_uploaded_image1_1710623336.jpg
Vêtements enfants,,"Colobane, Dakar, Sénégal",https://images.coinafrique.com/thumb_4645364_uploaded_image1_1710623336.jpg
Friperie enfants,,"Colobane, Dakar, Sénégal",https://images.coinafrique.com/thumb_4604387_uploaded_image1_1708513793.jpg
Greniers enfants,,"Colobane, Dakar, Sénégal",https://images.coinafrique.com/thumb_4000087_uploaded_image1_1670513612.jpg
Ensemble enfant,,"Mermoz-Sacré Coeur, Dakar, Sénégal",https://images.coinafrique.com/thumb_3848809_uploaded_image1_1661581124.jpg
Vêtements enfant,,"Sicap foire, Dakar, Sénégal",https://images.coinafrique.com/thumb_2512733_uploaded_image1_1596568364.jpg
Vêtement enfant,,"Colobane, Dakar, Sénégal",https://images.coinafrique.com/thumb_4645364_uploaded_image1_1710623336.jpg
Vêtement enfant,,"Dakar, Sénégal",https://images.coinafrique.com/thumb_2512733_uploaded_image1_1596568364.jpg
Robe enfant,,"HLM, Dakar, Sénégal",https://images.coinafrique.com/thumb_4223425_uploaded_image3_1684581867.jpeg
Ensemble enfants,,"Colobane, Dakar, Sénégal",https://images.coinafrique.com/thumb_4961210_uploaded_image1_1727262074.jpg
Robe pour enfants,,"Colobane, Dakar, Sénégal",https://images.coinafrique.com/thumb_4653806_uploaded_image1_1711066086.jpg
Jeans pour enfants garçon,,"Colobane, Dakar, Sénégal",https://images.coinafrique.com/thumb_4154867_uploaded_image1_1680171042.jpg
Jeans pour enfants filles,,"Colobane, Dakar, Sénégal",https://images.coinafrique.com/thumb_2735012_uploaded_image1_1604415011.jpg
Vêtements enfant,,"Colobane, Dakar, Sénégal",https://images.coinafrique.com/thumb_4645364_uploaded_image1_1710623336.jpg
Ensemble enfants,,"Dakar Plateau, Dakar, Sénégal",https://images.coinafrique.com/thumb_4512928_uploaded_image1_1703449636.jpg
Robe enfants,,"Dakar Plateau, Dakar, Sénégal",https://images.coinafrique.com/thumb_3125619_uploaded_image1_1621534794.jpg
Robe enfants,,"Colobane, Dakar, Sénégal",https://images.coinafrique.com/thumb_4653806_uploaded_image1_1711066086.jpg
Maillots enfants,,"Dakar Plateau, Dakar, Sénégal",https://images.coinafrique.com/thumb_4267451_uploaded_image1_1687487532.jpg
Pantalon en coton,,"Dakar, Sénégal",https://images.coinafrique.com/thumb_2780267_uploaded_image1_1606074354.jpg
Vêtements enfants,,"Colobane, Dakar, Sénégal",https://images.coinafrique.com/thumb_4645364_uploaded_image1_1710623336.jpg
Ensemble pour enfants,,"Colobane, Dakar, Sénégal",https://images.coinafrique.com/thumb_4961210_uploaded_image1_1727262074.jpg
Djellaba enfants,,"Colobane, Dakar, Sénégal",https://images.coinafrique.com/thumb_4651640_uploaded_image1_1710950622.jpg
Vêtements enfants,,"Colobane, Dakar, Sénégal",https://images.coinafrique.com/thumb_4645364_uploaded_image1_1710623336.jpg
Maillot enfant,,"Thies, Sénégal",https://images.coinafrique.com/thumb_4236342_uploaded_image1_1685480812.jpg
Vêtement enfant,,"Dakar Plateau, Dakar, Sénégal",https://images.coinafrique.com/thumb_3453271_uploaded_image1_1637794848.jpg
Vêtement enfants,,"Dakar Plateau, Dakar, Sénégal",https://images.coinafrique.com/thumb_3453271_uploaded_image1_1637794848.jpg
Vêtement enfant,,"Dakar Plateau, Dakar, Sénégal",https://images.coinafrique.com/thumb_3453271_uploaded_image1_1637794848.jpg
T-shirt,,"Ngor, Dakar, Sénégal",https://images.coinafrique.com/thumb_2831975_uploaded_image1_1608024518.jpg
Robe enfant,,"Ngor, Dakar, Sénégal",https://images.coinafrique.com/thumb_3292897_uploaded_image1_1629649247.jpg
Ensemble enfant,,"Dakar, Sénégal",https://images.coinafrique.com/thumb_5010301_uploaded_image1_1729811616.jpg
Polo Lacoste enfant,,"Dakar, Sénégal",https://images.coinafrique.com/thumb_4394815_uploaded_image1_1695942580.jpg
Pantalon pour enfants,,"Dakar, Sénégal",https://images.coinafrique.com/thumb_4405127_uploaded_image1_1696582094.jpg
Robe enfant,,"Dakar, Sénégal",https://images.coinafrique.com/thumb_4677506_uploaded_image1_1712318751.jpg
Jeans  pour enfants,,"Colobane, Dakar, Sénégal",https://images.coinafrique.com/thumb_4157493_uploaded_image1_1680338403.jpg
Polos  Lacoste enfants,,"Dakar Plateau, Dakar, Sénégal",https://images.coinafrique.com/thumb_4405119_uploaded_image1_1696581900.jpg
Slips enfants,,"Mermoz-Sacré Coeur, Dakar, Sénégal",https://images.coinafrique.com/thumb_4467057_uploaded_image1_1700591564.jpg
Ensemble veste pour enfant,,"Dakar, Sénégal",https://images.coinafrique.com/thumb_4479762_uploaded_image1_1701402947.jpg
Caleçons garçon,,"Dakar, Sénégal",https://images.coinafrique.com/thumb_2543074_uploaded_image1_1597409717.16.jpeg
Friperie enfant,,"Sicap Liberté, Dakar, Sénégal",https://images.coinafrique.com/thumb_3608114_uploaded_image2_1647271341.jpeg
Blouson enfant,,"Yoff, Dakar, Sénégal",https://images.coinafrique.com/thumb_4511870_uploaded_image1_1703349818.jpg
Blouson enfant,,"Yoff, Dakar, Sénégal",https://images.coinafrique.com/thumb_4511870_uploaded_image1_1703349818.jpg
Pull pour enfant,,"Thies, Sénégal",https://images.coinafrique.com/thumb_4522837_uploaded_image1_1704190481.jpg
Pull enfant avec capuche,,"Thies, Sénégal",https://images.coinafrique.com/thumb_4522837_uploaded_image1_1704190481.jpg
Blouson pour fille,,"Almadies, Dakar, Sénégal",https://images.coinafrique.com/thumb_4577293_uploaded_image1_1707012822.jpg
Ensemble blouson pour fille,,"Thies, Sénégal",https://images.coinafrique.com/thumb_4538922_uploaded_image1_1704933290.jpg
Ensemble enfant,,"Dakar Plateau, Dakar, Sénégal",https://images.coinafrique.com/thumb_4512928_uploaded_image1_1703449636.jpg
Vetements  enfants,,"Colobane, Dakar, Sénégal",https://images.coinafrique.com/thumb_4645364_uploaded_image1_1710623336.jpg
Vêtement enfant,,"Keur Massar, Sénégal",https://images.coinafrique.com/thumb_3198270_uploaded_image1_1625015464.jpg
Vêtement enfant,,"Keur Massar, Sénégal",https://images.coinafrique.com/thumb_3198270_uploaded_image1_1625015464.jpg
Ensemble blouson pour fille,,"Thies, Sénégal",https://images.coinafrique.com/thumb_4538922_uploaded_image1_1704933290.jpg
Blouson enfants,,"Colobane, Dakar, Sénégal",https://images.coinafrique.com/thumb_5046861_uploaded_image1_1731758020.jpg
Pantalon enfant friperie,,"Colobane, Dakar, Sénégal",https://images.coinafrique.com/thumb_4604385_uploaded_image1_1708513782.jpg
Pantalon friperie enfants,,"Colobane, Dakar, Sénégal",https://images.coinafrique.com/thumb_4604385_uploaded_image1_1708513782.jpg
Robe enfant,,"Dieuppeul-Derklé, Dakar, Sénégal",https://images.coinafrique.com/thumb_3601827_uploaded_image1_1646873978.jpg
Ensemble filles,,"Sicap Liberté, Dakar, Sénégal",https://images.coinafrique.com/thumb_3072126_uploaded_image1_1619012521.jpg
Robes enfant,,"Medina, Dakar, Sénégal",https://images.coinafrique.com/thumb_3919617_uploaded_image1_1665702485.jpg
Djellaba enfants,,"Colobane, Dakar, Sénégal",https://images.coinafrique.com/thumb_4651640_uploaded_image1_1710950622.jpg
Robe fille,,"Medina, Dakar, Sénégal",https://images.coinafrique.com/thumb_4885783_uploaded_image1_1723209095.jpg
Robe femme,,"Parcelle Assainies, Dakar, Sénégal",https://images.coinafrique.com/thumb_2720039_uploaded_image1_1603744479.jpg
Djellaba enfant,,"Colobane, Dakar, Sénégal",https://images.coinafrique.com/thumb_4651640_uploaded_image1_1710950622.jpg
Silip enfants,,"Mermoz-Sacré Coeur, Dakar, Sénégal",https://images.coinafrique.com/thumb_3250923_uploaded_image1_1627575838.jpg
Djellaba enfants,,"Dieuppeul-Derklé, Dakar, Sénégal",https://images.coinafrique.com/thumb_3201236_uploaded_image1_1625141023.jpg
Vêtements enfant,,"Dakar, Sénégal",https://images.coinafrique.com/thumb_2512733_uploaded_image1_1596568364.jpg
Djellaba enfant,,"Colobane, Dakar, Sénégal",https://images.coinafrique.com/thumb_4651640_uploaded_image1_1710950622.jpg
Djellaba enfant,,"Colobane, Dakar, Sénégal",https://images.coinafrique.com/thumb_4651640_uploaded_image1_1710950622.jpg
Vêtements enfants,,"Parcelle Assainies, Dakar, Sénégal",https://images.coinafrique.com/thumb_3384909_uploaded_image1_1634171727.jpg
Vêtements enfants,,"Parcelle Assainies, Dakar, Sénégal",https://images.coinafrique.com/thumb_3384909_uploaded_image1_1634171727.jpg
Vêtements enfants,,"Parcelle Assainies, Dakar, Sénégal",https://images.coinafrique.com/thumb_3384909_uploaded_image1_1634171727.jpg
Robe enfant,,"Parcelle Assainies, Dakar, Sénégal",https://images.coinafrique.com/thumb_4686597_uploaded_image1_1712843301.jpg
Ensemble  enfants,,"Colobane, Dakar, Sénégal",https://images.coinafrique.com/thumb_4961210_uploaded_image1_1727262074.jpg
Djellaba enfant,,"Colobane, Dakar, Sénégal",https://images.coinafrique.com/thumb_4651640_uploaded_image1_1710950622.jpg
Vetements enfant,,"Colobane, Dakar, Sénégal",https://images.coinafrique.com/thumb_4645364_uploaded_image1_1710623336.jpg
Ensemble 3 pièces  enfants,,"Colobane, Dakar, Sénégal",https://images.coinafrique.com/thumb_4651598_uploaded_image1_1710949536.jpg
Djellaba enfant,,"Colobane, Dakar, Sénégal",https://images.coinafrique.com/thumb_4651640_uploaded_image1_1710950622.jpg
Robe Turquie  enfants,,"Colobane, Dakar, Sénégal",https://images.coinafrique.com/thumb_4168633_uploaded_image1_1680958304.jpg
Pantalons enfant,,"Colobane, Dakar, Sénégal",https://images.coinafrique.com/thumb_4659691_uploaded_image1_1711411286.jpg
Ensemble pour enfants,,"Colobane, Dakar, Sénégal",https://images.coinafrique.com/thumb_4961210_uploaded_image1_1727262074.jpg
Vêtements enfants,,"Colobane, Dakar, Sénégal",https://images.coinafrique.com/thumb_4645364_uploaded_image1_1710623336.jpg
Ensemble robe enfants,,"Colobane, Dakar, Sénégal",https://images.coinafrique.com/thumb_3990865_uploaded_image1_1670005692.jpg
Robes enfant basin et brodé,,"Grand Yoff, Dakar, Sénégal",https://images.coinafrique.com/thumb_4667136_uploaded_image1_1711814665.jpg
Robes basine et brodé enfant,,"Grand Yoff, Dakar, Sénégal",https://images.coinafrique.com/thumb_4667136_uploaded_image1_1711814665.jpg
Robes en basin enfants,,"Grand Yoff, Dakar, Sénégal",https://images.coinafrique.com/thumb_4667139_uploaded_image1_1711815054.jpg
Robes enfants,,"Grand Yoff, Dakar, Sénégal",https://images.coinafrique.com/thumb_4667140_uploaded_image1_1711815203.jpg
Ensemble petit garçon,,"Dakar, Sénégal",https://images.coinafrique.com/thumb_2133600_uploaded_image1_1589810793.jpg
Robe enfant,,"Cambérène, Dakar, Sénégal",https://images.coinafrique.com/thumb_2697206_uploaded_image1_1602775399.jpg
Vetement  enfants,,"Colobane, Dakar, Sénégal",https://images.coinafrique.com/thumb_4645364_uploaded_image1_1710623336.jpg
Vêtements enfants,,"Colobane, Dakar, Sénégal",https://images.coinafrique.com/thumb_4645364_uploaded_image1_1710623336.jpg
Ensemble 3 pièces enfants,,"Colobane, Dakar, Sénégal",https://images.coinafrique.com/thumb_4651598_uploaded_image1_1710949536.jpg
Djellaba enfants,,"Cambérène, Dakar, Sénégal",https://images.coinafrique.com/thumb_4682804_uploaded_image1_1712615617.jpg
Djellaba enfants,,"Cambérène, Dakar, Sénégal",https://images.coinafrique.com/thumb_4682804_uploaded_image1_1712615617.jpg
Djellaba enfants,,"Cambérène, Dakar, Sénégal",https://images.coinafrique.com/thumb_4682804_uploaded_image1_1712615617.jpg
Djellaba enfant,,"Colobane, Dakar, Sénégal",https://images.coinafrique.com/thumb_4651640_uploaded_image1_1710950622.jpg
Slip enfant,,"Mermoz-Sacré Coeur, Dakar, Sénégal",https://images.coinafrique.com/thumb_4467057_uploaded_image1_1700591564.jpg
Vêtements enfant,,"HLM, Dakar, Sénégal",https://images.coinafrique.com/thumb_3198270_uploaded_image1_1625015464.jpg
Ensemble bas,,"HLM, Dakar, Sénégal",https://images.coinafrique.com/thumb_4775865_uploaded_image1_1717366540.jpg
Robes brodé,,"HLM, Dakar, Sénégal",https://images.coinafrique.com/thumb_4775889_uploaded_image1_1717367795.jpg
Robe brodé,,"HLM, Dakar, Sénégal",https://images.coinafrique.com/thumb_4775889_uploaded_image1_1717367795.jpg
Ensemble coton fille,,"HLM, Dakar, Sénégal",https://images.coinafrique.com/thumb_2538023_uploaded_image1_1597258278.jpg
Ensemble 5 pieces,,"HLM, Dakar, Sénégal",https://images.coinafrique.com/thumb_2742301_uploaded_image1_1604651637.jpg
Robe pour anniversaire ou cérémonie,,"HLM, Dakar, Sénégal",https://images.coinafrique.com/thumb_4775993_uploaded_image1_1717371915.jpg
Robe anniversaire ou cérémonie,,"HLM, Dakar, Sénégal",https://images.coinafrique.com/thumb_4775993_uploaded_image1_1717371915.jpg
Ensemble enfant,,"Dakar Plateau, Dakar, Sénégal",https://images.coinafrique.com/thumb_4512928_uploaded_image1_1703449636.jpg
Robe brodé,,"HLM, Dakar, Sénégal",https://images.coinafrique.com/thumb_4775889_uploaded_image1_1717367795.jpg
Ensemble 3  pièces,,"HLM, Dakar, Sénégal",https://images.coinafrique.com/thumb_4775968_uploaded_image1_1717370720.jpg
Robes princesse,,"HLM, Dakar, Sénégal",https://images.coinafrique.com/thumb_4804282_uploaded_image1_1718982396.jpg
Robe princesse,,"HLM, Dakar, Sénégal",https://images.coinafrique.com/thumb_4804282_uploaded_image1_1718982396.jpg
Slips pour enfants,,"Colobane, Dakar, Sénégal",https://images.coinafrique.com/thumb_4668016_uploaded_image1_1711892538.jpg
Pyjama enfant en coton,,"Sicap Liberté, Dakar, Sénégal",https://images.coinafrique.com/thumb_2820655_uploaded_image1_1607533703.jpg
Ensemble pour garçon,,"Medina, Dakar, Sénégal",https://images.coinafrique.com/thumb_2133600_uploaded_image1_1589810793.jpg
Robe fille,,"Medina, Dakar, Sénégal",https://images.coinafrique.com/thumb_4885783_uploaded_image1_1723209095.jpg
Robe pour fille,,"Medina, Dakar, Sénégal",https://images.coinafrique.com/thumb_4885783_uploaded_image1_1723209095.jpg
Robe enfant,,"Ouest Foire, Dakar, Sénégal",https://images.coinafrique.com/thumb_4910319_uploaded_image1_1724580054.jpg
Pantalon enfants,,"Dakar Plateau, Dakar, Sénégal",https://images.coinafrique.com/thumb_2136743_uploaded_image1_1589868445.jpg
Ensemble pour enfant,,"Colobane, Dakar, Sénégal",https://images.coinafrique.com/thumb_4961210_uploaded_image1_1727262074.jpg
Vêtements   pour enfant,,"Colobane, Dakar, Sénégal",https://images.coinafrique.com/thumb_4645364_uploaded_image1_1710623336.jpg
Costume enfant,,"Dakar, Sénégal",https://images.coinafrique.com/thumb_5010301_uploaded_image1_1729811616.jpg
Robe de princesse,,"Ouest Foire, Dakar, Sénégal",https://images.coinafrique.com/thumb_5026420_uploaded_image1_1730731217.jpg
Robe princesse,,"Ouest Foire, Dakar, Sénégal",https://images.coinafrique.com/thumb_5026420_uploaded_image1_1730731217.jpg
Maillots enfants sénégal,,"Dakar Plateau, Dakar, Sénégal",https://images.coinafrique.com/thumb_3633429_uploaded_image1_1648859214.jpg
Ensemble pour enfant cotton,,"Colobane, Dakar, Sénégal",https://images.coinafrique.com/thumb_3848809_uploaded_image1_1661581124.jpg
Blouson pour enfant,,"Colobane, Dakar, Sénégal",https://images.coinafrique.com/thumb_5046861_uploaded_image1_1731758020.jpg
